,equity
0,1.0
1,1.0
2,1.0
3,1.0
4,1.0
5,1.0
6,1.0
7,1.0
8,1.0
9,1.0
10,1.0
11,1.0
12,1.0
13,1.0
14,1.0
15,1.0
16,1.0
17,1.0
18,1.0
19,1.0
20,1.0
21,1.0
22,1.0
23,1.0
24,1.0
25,1.0
26,1.0
27,1.0
28,1.0
29,1.0
30,1.0
31,1.0
32,1.0
33,1.0
34,1.0
35,1.0
36,1.0
37,1.0
38,1.0
39,1.0
40,1.0
41,1.0
42,1.0
43,1.0
44,1.0
45,1.0
46,1.0
47,1.0
48,1.0
49,1.0
50,1.0
51,1.0
52,1.0
53,1.0
54,1.0
55,1.0
56,1.0
57,1.0
58,1.0
59,1.0
60,1.0
61,1.0
62,1.0
63,1.0
64,1.0
65,1.0
66,1.0
67,1.0
68,1.0
69,1.0
70,1.0
71,1.0
72,1.0
73,1.0
74,1.0
75,1.0
76,1.0
77,1.0
78,1.0
79,1.0
80,1.0
81,1.0
82,1.0
83,1.0
84,1.0
85,1.0
86,1.0
87,1.0
88,1.0
89,1.0
90,1.0
91,1.0
92,1.0
93,1.0
94,1.0
95,1.0
96,1.0
97,1.0
98,1.0
99,1.0
100,1.0
101,1.0
102,1.0
103,1.0
104,1.0
105,1.0
106,1.0
107,1.0
108,1.0
109,1.0
110,1.0
111,1.0
112,1.0
113,1.0
114,1.0
115,1.0
116,1.0
117,1.0
118,1.0
119,1.0
120,1.0
121,1.0
122,1.0
123,1.0
124,1.0
125,1.0
126,1.0
127,1.0
128,1.0
129,1.0
130,1.0
131,1.0
132,1.0
133,1.0
134,1.0
135,1.0
136,1.0
137,1.0
138,1.0
139,1.0
140,1.0
141,1.0
142,1.0
143,1.0
144,1.0
145,1.0
146,1.0
147,1.0
148,1.0
149,1.0
150,1.0
151,1.0
152,1.0
153,1.0
154,1.0
155,1.0
156,1.0
157,1.0
158,1.0
159,1.0
160,1.0
161,1.0
162,1.0
163,1.0
164,1.0
165,1.0
166,1.0
167,1.0
168,1.0
169,1.0
170,1.0
171,1.0
172,1.0
173,1.0
174,1.0
175,1.0
176,1.0
177,1.0
178,1.0
179,1.0
180,1.0
181,1.0
182,1.0
183,1.0
184,1.0
185,1.0
186,1.0
187,1.0
188,1.0
189,1.0
190,1.0
191,1.0
192,1.0
193,1.0
194,1.0
195,1.0
196,1.0
197,1.009156412776254
198,1.004568976557212
199,1.0199037909966389
200,1.0072686590993793
201,1.0159860314432434
202,1.0210167262509682
203,1.0299755997603097
204,1.0495118963600982
205,1.0652075365882436
206,1.0530786072661777
207,1.035444875055569
208,1.0439379532365627
209,1.033395447778507
210,1.0332672590082665
211,1.0419804202976988
212,1.0249923807432528
213,1.0035918097424399
214,1.006197490265359
215,1.0066441991031918
216,1.004172875283129
217,1.0045599054942635
218,0.9959525974499525
219,0.9809924069836341
220,0.9793588970904403
221,0.969888468577093
222,0.9540788030495351
223,0.9589156180847975
224,0.958327037756182
225,0.9622308402982398
226,0.9527584713589938
227,0.9465093444887097
228,0.937100386905794
229,0.9288283882316118
230,0.9306451669311311
231,0.9233869037655675
232,0.9266806336963094
233,0.9298344406481869
234,0.9488570541188295
235,0.9357330837738038
236,0.9440784747099976
237,0.9432340160251397
238,0.9431016921207479
239,0.9295266494993414
240,0.9252588529703897
241,0.9321609678404755
242,0.9313924536221944
243,0.9321476939478333
244,0.929441720377785
245,0.9402349611459855
246,0.9400330902377957
247,0.9976112143330154
248,0.9907308569525947
249,0.9714161390976348
250,0.9403391046942787
251,0.9353674122557272
252,0.9479246394912043
253,0.9483714059412213
254,0.937316257724236
255,0.9285402675041081
256,0.9390980379261111
257,0.9405794737155687
258,0.9410310530979099
259,0.9405280955204406
260,0.9408893301221992
261,0.9484979047340195
262,0.953753500952232
263,0.9558130125135016
264,0.945896936727039
265,0.8785348001939379
266,0.8784469467139185
267,0.8784469467139185
268,0.8784469467139185
269,0.8784469467139185
270,0.8784469467139185
271,0.8784469467139185
272,0.8784469467139185
273,0.8784469467139185
274,0.8784469467139185
275,0.8784469467139185
276,0.8784469467139185
277,0.8784469467139185
278,0.8784469467139185
279,0.8784469467139185
280,0.8784469467139185
281,0.8784469467139185
282,0.8784469467139185
283,0.8784469467139185
284,0.8784469467139185
285,0.8784469467139185
286,0.8784469467139185
287,0.8784469467139185
288,0.8784469467139185
289,0.8784469467139185
290,0.8784469467139185
291,0.8784469467139185
292,0.8784469467139185
293,0.8784469467139185
294,0.8784469467139185
295,0.8784469467139185
296,0.8784469467139185
297,0.8784469467139185
298,0.8784469467139185
299,0.8784469467139185
300,0.8784469467139185
301,0.8784469467139185
302,0.877845710908639
303,0.8727742486562446
304,0.8672497043287362
305,0.8812611398682648
306,0.8857377097092695
307,0.8863362326073665
308,0.8832732023958586
309,0.8735313518268206
310,0.8729474903711837
311,0.8806074785862927
312,0.8771575418077049
313,0.875166529423487
314,0.8732342470517686
315,0.8741917872151725
316,0.8603761513975469
317,0.8583532220217902
318,0.851050731063563
319,0.8586123938108126
320,0.8520213658701229
321,0.8569521402024436
322,0.8701159214578053
323,0.8673915444641811
324,0.8621891866834114
325,0.8638412757325904
326,0.863823748332426
327,0.855283154988332
328,0.8592344201879599
329,0.8767281299253646
330,0.8744681074054913
331,0.8726958181577695
332,0.8636242186521881
333,0.8663843450803097
334,0.8556478183729009
335,0.8462286154293829
336,0.8571271095743398
337,0.8494012557111813
338,0.8586361616722059
339,0.8718251187992366
340,0.8740889260521086
341,0.8789394678842383
342,0.8962671616366941
343,0.8945056828040536
344,0.8892169091168898
345,0.8772648018754783
346,0.8776307597211083
347,0.8907086664080635
348,0.8992970063867782
349,0.8908645909460978
350,0.8832768526188786
351,0.8788348319568908
352,0.8814071428593577
353,0.8795993696932245
354,0.8814877293527997
355,0.8841073353374526
356,0.8814697982356893
357,0.8811157481963883
358,0.8829379477812302
359,0.8821968585928383
360,0.8866501059522722
361,0.9033943717890498
362,0.9087580762507439
363,0.909265400655724
364,0.8940626359000106
365,0.8975379522585013
366,0.880234740078261
367,0.8679189034826716
368,0.8753682663587843
369,0.8815723057252501
370,0.8802514755075778
371,0.8653270458903124
372,0.8621196257785032
373,0.856287902986329
374,0.8617584942447817
375,0.8814359752830075
376,0.8833501541132768
377,0.8764928625858115
378,0.866292876482328
379,0.8658070719909244
380,0.8642777362977297
381,0.854382494715958
382,0.8553771920603943
383,0.8455889752993794
384,0.8455044164018495
385,0.8455044164018495
386,0.8455044164018495
387,0.8455044164018495
388,0.8455044164018495
389,0.8455044164018495
390,0.8455044164018495
391,0.8455044164018495
392,0.8455044164018495
393,0.8455044164018495
394,0.8455044164018495
395,0.8455044164018495
396,0.8455044164018495
397,0.8455044164018495
398,0.8455044164018495
399,0.8455044164018495
400,0.8455044164018495
401,0.8455044164018495
402,0.8455044164018495
403,0.8455044164018495
404,0.8455044164018495
405,0.8455044164018495
406,0.8455044164018495
407,0.8455044164018495
408,0.8455044164018495
409,0.8455044164018495
410,0.8455044164018495
411,0.8455044164018495
412,0.8455044164018495
413,0.8455044164018495
414,0.8455044164018495
415,0.8455044164018495
416,0.8455044164018495
417,0.8439376933830643
418,0.8574423965818778
419,0.8519101608620471
420,0.8533070846830413
421,0.8391638365021571
422,0.835957096542012
423,0.8442214493494697
424,0.8337198234154144
425,0.8427072939719159
426,0.8455540190628947
427,0.8367727657977139
428,0.8325860454520945
429,0.8287726882922402
430,0.8283623871415406
431,0.8239330565910783
432,0.8171448757182064
433,0.8146597395459175
434,0.8063368886638745
435,0.7960057149964
436,0.7956223198029317
437,0.8026777637161535
438,0.7904952326607304
439,0.7904161831374643
440,0.7904161831374643
441,0.7904161831374643
442,0.7904161831374643
443,0.7904161831374643
444,0.7904161831374643
445,0.7904161831374643
446,0.7904161831374643
447,0.7904161831374643
448,0.7904161831374643
449,0.7904161831374643
450,0.7904161831374643
451,0.7904161831374643
452,0.7904161831374643
453,0.7904161831374643
454,0.7904161831374643
455,0.7904161831374643
456,0.7904161831374643
457,0.7904161831374643
458,0.7904161831374643
459,0.7904161831374643
460,0.7904161831374643
461,0.7904161831374643
462,0.7904161831374643
463,0.7904161831374643
464,0.7904161831374643
465,0.7904161831374643
466,0.7904161831374643
467,0.7904161831374643
468,0.7904161831374643
469,0.7904161831374643
470,0.7904161831374643
471,0.7904161831374643
472,0.7904161831374643
473,0.7904161831374643
474,0.7904161831374643
475,0.7904161831374643
476,0.7904161831374643
477,0.7904161831374643
478,0.7904161831374643
479,0.7904161831374643
480,0.7904161831374643
481,0.7904161831374643
482,0.7904161831374643
483,0.7904161831374643
484,0.7904161831374643
485,0.7904161831374643
486,0.7904161831374643
487,0.7904161831374643
488,0.7904161831374643
489,0.7904161831374643
490,0.7904161831374643
491,0.7904161831374643
492,0.7904161831374643
493,0.7904161831374643
494,0.7904161831374643
495,0.7904161831374643
496,0.7904161831374643
497,0.7904161831374643
498,0.7904161831374643
499,0.7904161831374643
500,0.7904161831374643
501,0.7904161831374643
502,0.7904161831374643
503,0.7904161831374643
504,0.7904161831374643
505,0.7904161831374643
506,0.7904161831374643
507,0.7904161831374643
508,0.7904161831374643
509,0.7904161831374643
510,0.7904161831374643
511,0.7904161831374643
512,0.7904161831374643
513,0.7904161831374643
514,0.7904161831374643
515,0.7904161831374643
516,0.7904161831374643
517,0.7904161831374643
518,0.7904161831374643
519,0.7904161831374643
520,0.7904161831374643
521,0.7904161831374643
522,0.7904161831374643
523,0.7904161831374643
524,0.7904161831374643
525,0.7904161831374643
526,0.7904161831374643
527,0.7904161831374643
528,0.7904161831374643
529,0.7904161831374643
530,0.7904161831374643
531,0.7904161831374643
532,0.7904161831374643
533,0.7904161831374643
534,0.7904161831374643
535,0.7904161831374643
536,0.7904161831374643
537,0.7904161831374643
538,0.7904161831374643
539,0.7904161831374643
540,0.7904161831374643
541,0.7904161831374643
542,0.7904161831374643
543,0.7904161831374643
544,0.7904161831374643
545,0.7904161831374643
546,0.7904161831374643
547,0.7904161831374643
548,0.7904161831374643
549,0.7904161831374643
550,0.7904161831374643
551,0.7904161831374643
552,0.7904161831374643
553,0.7904161831374643
554,0.7904161831374643
555,0.7904161831374643
556,0.7904161831374643
557,0.7904161831374643
558,0.7904161831374643
559,0.7904161831374643
560,0.7904161831374643
561,0.7904161831374643
562,0.7904161831374643
563,0.7904161831374643
564,0.7904161831374643
565,0.7904161831374643
566,0.7904161831374643
567,0.7904161831374643
568,0.7904161831374643
569,0.7904161831374643
570,0.7904161831374643
571,0.7904161831374643
572,0.7904161831374643
573,0.7904161831374643
574,0.7904161831374643
575,0.7904161831374643
576,0.7904161831374643
577,0.7904161831374643
578,0.7904161831374643
579,0.7904161831374643
580,0.7904161831374643
581,0.7904161831374643
582,0.7904161831374643
583,0.7904161831374643
584,0.7904161831374643
585,0.7904161831374643
586,0.7904161831374643
587,0.7904161831374643
588,0.7904161831374643
589,0.7904161831374643
590,0.7904161831374643
591,0.7904161831374643
592,0.7904161831374643
593,0.7904161831374643
594,0.7904161831374643
595,0.7904161831374643
596,0.7904161831374643
597,0.7904161831374643
598,0.7904161831374643
599,0.7824520606071941
600,0.7697286597605022
601,0.7742112588759277
602,0.7737844738871908
603,0.7761745834618942
604,0.7631088105236442
605,0.7603276734827688
606,0.7557804459149126
607,0.7492770418197281
608,0.7168567123929218
609,0.7167850267216825
610,0.7167850267216825
611,0.7167850267216825
612,0.7167850267216825
613,0.7167850267216825
614,0.7167850267216825
615,0.7167850267216825
616,0.7167850267216825
617,0.7167850267216825
618,0.7167850267216825
619,0.7167850267216825
620,0.7167850267216825
621,0.7167850267216825
622,0.7167850267216825
623,0.7167850267216825
624,0.7167850267216825
625,0.7167850267216825
626,0.7167850267216825
627,0.7167850267216825
628,0.7167850267216825
629,0.7167850267216825
630,0.7167850267216825
631,0.7167850267216825
632,0.7167850267216825
633,0.7167850267216825
634,0.7167850267216825
635,0.7167850267216825
636,0.7152943365054665
637,0.7209423492629717
638,0.7285175955339878
639,0.7176036053166249
640,0.7110666443013602
641,0.7134659286741685
642,0.7087818178427046
643,0.646358051546199
644,0.6531053243598125
645,0.6563394505117743
646,0.6595843639992688
647,0.656455841500706
648,0.663245237528453
649,0.6616556222633043
650,0.6689501648152377
651,0.6628792943381591
652,0.6572415187050933
653,0.6585880277329494
654,0.6539787574460569
655,0.65841101594793
656,0.6601256911698723
657,0.6540609519905003
658,0.6545377111093196
659,0.6522424998121777
660,0.6582433878590533
661,0.6540927908746779
662,0.6512264899359402
663,0.6591623495277805
664,0.6740847167059405
665,0.6876953138715157
666,0.6881302330300023
667,0.6896378876204944
668,0.7002946996220839
669,0.6994238312135472
670,0.6926282409985908
671,0.6934382276394304
672,0.696576296722847
673,0.6908245154094989
674,0.6795450449157753
675,0.6698516215696655
676,0.6743238737554922
677,0.6692293022870517
678,0.6682840343387327
679,0.6697060408535328
680,0.673865327357061
681,0.6716123083338836
682,0.6749701103452885
683,0.6689891260772224
684,0.6665736697337219
685,0.6597800420590333
686,0.6672896316534587
687,0.6671089325513301
688,0.6621951326888201
689,0.6598658500707312
690,0.6584043604147292
691,0.6630328059272553
692,0.6525371733441433
693,0.6458039984675914
694,0.6457394180677446
695,0.6457394180677446
696,0.6457394180677446
697,0.6457394180677446
698,0.6457394180677446
699,0.6457394180677446
700,0.6457394180677446
701,0.6457394180677446
702,0.6457394180677446
703,0.6457394180677446
704,0.6457394180677446
705,0.6457394180677446
706,0.6457394180677446
707,0.6568092510311163
708,0.6605369870343342
709,0.6650724747566764
710,0.6517254671435038
711,0.655894864471878
712,0.6546229510627037
713,0.6574695687511092
714,0.6619718774431809
715,0.659716472862608
716,0.6486578215538473
717,0.6510484632790537
718,0.6462395446977682
719,0.644109218936782
720,0.6402272605335327
721,0.6380441396484698
722,0.6234772368426071
723,0.6311109802655893
724,0.6327119024160984
725,0.6397830795549274
726,0.6525759944491376
727,0.6539600768735061
728,0.6422784564861789
729,0.636562797640561
730,0.6289262682157096
731,0.6257777541569851
732,0.6262763720285248
733,0.6138618420412477
734,0.615967772502721
735,0.6067343664743946
736,0.608541268936409
737,0.6078753347681781
738,0.605971834369251
739,0.6055293756356462
740,0.602269666697857
741,0.5985922101583819
742,0.5886036388493525
743,0.5884292772266648
744,0.5993897665709385
745,0.6113789823374683
746,0.6195139435370771
747,0.6239019499619444
748,0.6196956208080558
749,0.628701091300978
750,0.6283483157650888
751,0.6279156866643697
752,0.6260896860149626
753,0.6266657148026903
754,0.6239442985288777
755,0.6234217633860956
756,0.6166966725600469
757,0.6143966008691139
758,0.6285692557464564
759,0.6281319612659232
760,0.6266346454415671
761,0.6299795830112482
762,0.6344564379972294
763,0.6274292656366558
764,0.6261308361766921
765,0.6319069239994033
766,0.6336143492629769
767,0.6343875389543279
768,0.6443230331158903
769,0.6399707530587646
770,0.6405005217375006
771,0.6371781897987759
772,0.6467452208501158
773,0.6342440565224516
774,0.630007932518504
775,0.6266830064543495
776,0.6308551230295051
777,0.6346914605660332
778,0.6436087011589533
779,0.6335574017268873
780,0.6383299777902558
781,0.6364606270522395
782,0.6322382526776839
783,0.6356588312291139
784,0.6298367096123638
785,0.616890453873034
786,0.6146108337477262
787,0.6054739672968467
788,0.6015576714050698
789,0.6037969450777355
790,0.6056837318648335
791,0.6153719918290355
792,0.6141445981186112
793,0.6047995533384196
794,0.6002439271031397
795,0.5947506698920549
796,0.5946911948250657
797,0.5946911948250657
798,0.5946911948250657
799,0.5946911948250657
800,0.5946911948250657
801,0.5946911948250657
802,0.5946911948250657
803,0.5946911948250657
804,0.5946911948250657
805,0.5946911948250657
806,0.5946911948250657
807,0.5946911948250657
808,0.5946911948250657
809,0.5946911948250657
810,0.5946911948250657
811,0.5946911948250657
812,0.5946911948250657
813,0.5946911948250657
814,0.5946911948250657
815,0.5946911948250657
816,0.5946911948250657
817,0.5946911948250657
818,0.5946911948250657
819,0.5946911948250657
820,0.5946911948250657
821,0.5946911948250657
822,0.5946911948250657
823,0.5946911948250657
824,0.5946911948250657
825,0.5946911948250657
826,0.5946911948250657
827,0.5946911948250657
828,0.5946911948250657
829,0.5946911948250657
830,0.5946911948250657
831,0.5946911948250657
832,0.5946911948250657
833,0.5946911948250657
834,0.5946911948250657
835,0.5946911948250657
836,0.5946911948250657
837,0.5946911948250657
838,0.5946911948250657
839,0.5946911948250657
840,0.5946911948250657
841,0.5946911948250657
842,0.5946911948250657
843,0.5946911948250657
844,0.5946911948250657
845,0.5946911948250657
846,0.5946911948250657
847,0.5946911948250657
848,0.5946911948250657
849,0.5946911948250657
850,0.5946911948250657
851,0.5946911948250657
852,0.5946911948250657
853,0.5946911948250657
854,0.5946911948250657
855,0.5946911948250657
856,0.5946911948250657
857,0.5946911948250657
858,0.5946911948250657
859,0.5946911948250657
860,0.5946911948250657
861,0.5946911948250657
862,0.5946911948250657
863,0.5946911948250657
864,0.5946911948250657
865,0.5946911948250657
866,0.5946911948250657
867,0.5946911948250657
868,0.5946911948250657
869,0.5946911948250657
870,0.5946911948250657
871,0.5946911948250657
872,0.5946911948250657
873,0.5946911948250657
874,0.5946911948250657
875,0.5881194192704308
876,0.5932459308193838
877,0.605812925415709
878,0.6105134518000167
879,0.6120634077486501
880,0.6130066391482359
881,0.6207810402523157
882,0.615051874320525
883,0.5981587832521481
884,0.6009178993517637
885,0.605405408037132
886,0.6027635821765065
887,0.6046188529860255
888,0.6029408202001652
889,0.6036676275449993
890,0.6028707600901502
891,0.5960275606922105
892,0.5959017311904474
893,0.6011516836538732
894,0.5953664541094865
895,0.5939328036146071
896,0.5978943035308701
897,0.5915317371298385
898,0.5926130880404421
899,0.5863638037744476
900,0.5930547533333436
901,0.6069308971451194
902,0.6193295327825445
903,0.6179735686634553
904,0.6225647747056495
905,0.6233185198567817
906,0.6239552898513789
907,0.6336877248448868
908,0.6253831424119604
909,0.6320177225387483
910,0.631708261356607
911,0.6406690891201551
912,0.6418697591158942
913,0.6375665704038087
914,0.6393359755345702
915,0.6440586352351048
916,0.6442890154602562
917,0.647441077846473
918,0.6440723330585844
919,0.6304741776432077
920,0.6361742062553354
921,0.6406376653297603
922,0.6415876555397272
923,0.6420267194278676
924,0.64871460846357
925,0.6457560573786174
926,0.6412096507226802
927,0.6400017898309537
928,0.6476574595914145
929,0.6387357396091324
930,0.6463939293776422
931,0.6422750168938967
932,0.6352439842047047
933,0.6432990943209904
934,0.6426761030758208
935,0.6343738985545782
936,0.6321022666458801
937,0.6380149525559987
938,0.6456660770865154
939,0.6429143263102797
940,0.6455319350237689
941,0.6501580769955368
942,0.645980465242747
943,0.6482780050671104
944,0.6480713804928286
945,0.6446068533469932
946,0.6414422277342624
947,0.6418723593602479
948,0.6420640092470044
949,0.6384434483829238
950,0.6357298131456837
951,0.642847176501525
952,0.6442232288649787
953,0.649950520952485
954,0.6578088980846962
955,0.5752602435000461
956,0.5752027174756961
957,0.5752027174756961
958,0.5752027174756961
959,0.5752027174756961
960,0.5752027174756961
961,0.5752027174756961
962,0.5752027174756961
963,0.5752027174756961
964,0.5752027174756961
965,0.5752027174756961
966,0.5752027174756961
967,0.5752027174756961
968,0.5752027174756961
969,0.5752027174756961
970,0.5752027174756961
971,0.5752027174756961
972,0.5752027174756961
973,0.5752027174756961
974,0.5752027174756961
975,0.5752027174756961
976,0.5752027174756961
977,0.5752027174756961
978,0.5752027174756961
979,0.5752027174756961
980,0.5752027174756961
981,0.5752027174756961
982,0.5752027174756961
983,0.5752027174756961
984,0.5752027174756961
985,0.5752027174756961
986,0.5752027174756961
987,0.5752027174756961
988,0.5752027174756961
989,0.5752027174756961
990,0.5752027174756961
991,0.5752027174756961
992,0.5752027174756961
993,0.5752027174756961
994,0.5752027174756961
995,0.5752027174756961
996,0.5752027174756961
997,0.5752027174756961
998,0.5752027174756961
999,0.5752027174756961
1000,0.5752027174756961
1001,0.5752027174756961
1002,0.5752027174756961
1003,0.5752027174756961
1004,0.5772833934721784
1005,0.5876329892181724
1006,0.5932963221463418
1007,0.5893800526210108
1008,0.5871318187291371
1009,0.5896979040373431
1010,0.5900587475327413
1011,0.5903506695143408
1012,0.5886634722228252
1013,0.5655649555899168
1014,0.5642914235780485
1015,0.5519125511419265
1016,0.5539684898322301
1017,0.5499609246964999
1018,0.5460404528310328
1019,0.5448442775006588
1020,0.5463319444822743
1021,0.5385641874072037
1022,0.538510330988463
1023,0.538510330988463
1024,0.538510330988463
1025,0.538510330988463
1026,0.538510330988463
1027,0.538510330988463
1028,0.538510330988463
1029,0.538510330988463
1030,0.538510330988463
1031,0.538510330988463
1032,0.538510330988463
1033,0.538510330988463
1034,0.538510330988463
1035,0.538510330988463
1036,0.538510330988463
1037,0.538510330988463
1038,0.538510330988463
1039,0.538510330988463
1040,0.538510330988463
1041,0.538510330988463
1042,0.538510330988463
1043,0.538510330988463
1044,0.538510330988463
1045,0.538510330988463
1046,0.538510330988463
1047,0.538510330988463
1048,0.538510330988463
1049,0.538510330988463
1050,0.538510330988463
1051,0.538510330988463
1052,0.538510330988463
1053,0.538510330988463
1054,0.538510330988463
1055,0.538510330988463
1056,0.538510330988463
1057,0.538510330988463
1058,0.538510330988463
1059,0.538510330988463
1060,0.538510330988463
1061,0.538510330988463
1062,0.538510330988463
1063,0.538510330988463
1064,0.538510330988463
1065,0.538510330988463
1066,0.538510330988463
1067,0.538510330988463
1068,0.538510330988463
1069,0.538510330988463
1070,0.538510330988463
1071,0.538510330988463
1072,0.538510330988463
1073,0.538510330988463
1074,0.538510330988463
1075,0.538510330988463
1076,0.538510330988463
1077,0.538510330988463
1078,0.538510330988463
1079,0.538510330988463
1080,0.538510330988463
1081,0.538510330988463
1082,0.538510330988463
1083,0.538510330988463
1084,0.538510330988463
1085,0.538510330988463
1086,0.538510330988463
1087,0.538510330988463
1088,0.538510330988463
1089,0.538510330988463
1090,0.538510330988463
1091,0.538510330988463
1092,0.538510330988463
1093,0.538510330988463
1094,0.538510330988463
1095,0.538510330988463
1096,0.538510330988463
1097,0.538510330988463
1098,0.538510330988463
1099,0.538510330988463
1100,0.538510330988463
1101,0.538510330988463
1102,0.538510330988463
1103,0.538510330988463
1104,0.538510330988463
1105,0.538510330988463
1106,0.538510330988463
1107,0.538510330988463
1108,0.538510330988463
1109,0.538510330988463
1110,0.538510330988463
1111,0.538510330988463
1112,0.538510330988463
1113,0.538510330988463
1114,0.538510330988463
1115,0.538510330988463
1116,0.538510330988463
1117,0.538510330988463
1118,0.538510330988463
1119,0.538510330988463
1120,0.538510330988463
1121,0.538510330988463
1122,0.538510330988463
1123,0.538510330988463
1124,0.538510330988463
1125,0.538510330988463
1126,0.538510330988463
1127,0.538510330988463
1128,0.538510330988463
1129,0.538510330988463
1130,0.538510330988463
1131,0.538510330988463
1132,0.538510330988463
1133,0.538510330988463
1134,0.538510330988463
1135,0.538510330988463
1136,0.538510330988463
1137,0.538510330988463
1138,0.538510330988463
1139,0.538510330988463
1140,0.538510330988463
1141,0.538510330988463
1142,0.538510330988463
1143,0.538510330988463
1144,0.538510330988463
1145,0.538510330988463
1146,0.538510330988463
1147,0.538510330988463
1148,0.538510330988463
1149,0.538510330988463
1150,0.5351671224659724
1151,0.5295310914522725
1152,0.5298088985037882
1153,0.5248141817257221
1154,0.5244917173415512
1155,0.524996117108124
1156,0.5374314622608242
1157,0.5328770594415013
1158,0.5322284691978233
1159,0.5214310286106646
1160,0.523716294635627
1161,0.5292269508963404
1162,0.5266375355348164
1163,0.5223297028986711
1164,0.49440466285222245
1165,0.48984660568226546
1166,0.4897976210216972
1167,0.4897976210216972
1168,0.4897976210216972
1169,0.4897976210216972
1170,0.4897976210216972
1171,0.4897976210216972
1172,0.4897976210216972
1173,0.4897976210216972
1174,0.4897976210216972
1175,0.4897976210216972
1176,0.4897976210216972
1177,0.4897976210216972
1178,0.4897976210216972
1179,0.4897976210216972
1180,0.4897976210216972
1181,0.4897976210216972
1182,0.4897976210216972
1183,0.4897976210216972
1184,0.4897976210216972
1185,0.4897976210216972
1186,0.4897976210216972
1187,0.4897976210216972
1188,0.4897976210216972
1189,0.4897976210216972
1190,0.4897976210216972
1191,0.4897976210216972
1192,0.4897976210216972
1193,0.4897976210216972
1194,0.4897976210216972
1195,0.4897976210216972
1196,0.4897976210216972
1197,0.4897976210216972
1198,0.4897976210216972
1199,0.4897976210216972
1200,0.4897976210216972
1201,0.4897976210216972
1202,0.4897976210216972
1203,0.4897976210216972
1204,0.4897976210216972
1205,0.4897976210216972
1206,0.4897976210216972
1207,0.4897976210216972
1208,0.4897976210216972
1209,0.4897976210216972
1210,0.4897976210216972
1211,0.4897976210216972
1212,0.4897976210216972
1213,0.4897976210216972
1214,0.4897976210216972
1215,0.4897976210216972
1216,0.4897976210216972
1217,0.4897976210216972
1218,0.4897976210216972
1219,0.4897976210216972
1220,0.4897976210216972
1221,0.4897976210216972
1222,0.4897976210216972
1223,0.4897976210216972
1224,0.4897976210216972
1225,0.4897976210216972
1226,0.4897976210216972
1227,0.4897976210216972
1228,0.4897976210216972
1229,0.4897976210216972
1230,0.4897976210216972
1231,0.4897976210216972
1232,0.4897976210216972
1233,0.4897976210216972
1234,0.4897976210216972
1235,0.4897976210216972
1236,0.4823074016771131
1237,0.48167616494200566
1238,0.4831906210787127
1239,0.48134293264925937
1240,0.4857492684874762
1241,0.4840026793701729
1242,0.479542714787605
1243,0.48651900338164095
1244,0.4897700549670172
1245,0.49084507242398645
1246,0.49541492022821604
1247,0.5007069383465956
1248,0.5024174433738867
1249,0.49022022085314154
1250,0.4869195069477746
1251,0.4847014016574197
1252,0.4799543646325984
1253,0.4809088735311566
1254,0.486676592496859
1255,0.4843223829776123
1256,0.47885720332355747
1257,0.4886677383869542
1258,0.4864666803868354
1259,0.4805055417391928
1260,0.48164895237026767
1261,0.4837036181394196
1262,0.480305259488861
1263,0.48411689433695293
1264,0.4529459554291151
1265,0.45290066083357217
1266,0.45290066083357217
1267,0.45290066083357217
1268,0.45290066083357217
1269,0.45290066083357217
1270,0.45290066083357217
1271,0.45290066083357217
1272,0.45290066083357217
1273,0.45290066083357217
1274,0.45290066083357217
1275,0.45290066083357217
1276,0.45290066083357217
1277,0.45290066083357217
1278,0.45290066083357217
1279,0.45290066083357217
1280,0.45290066083357217
1281,0.45290066083357217
1282,0.45290066083357217
1283,0.45290066083357217
1284,0.45290066083357217
1285,0.45290066083357217
1286,0.45768242206825216
1287,0.46467733074865275
1288,0.4654437528805005
1289,0.4585804185905486
1290,0.45320424707529144
1291,0.44673468464196214
1292,0.45390175481731293
1293,0.4500716037697746
1294,0.45565006119679613
1295,0.4583267805572467
1296,0.46625612874486716
1297,0.4709566510660294
1298,0.47047477820146855
1299,0.4695346259924739
1300,0.46993468826556545
1301,0.47075902243046985
1302,0.4682671173763729
1303,0.4681143547110893
1304,0.47570875815748914
1305,0.4676800607477614
1306,0.4688905220111401
1307,0.4646571327048854
1308,0.4655270271099056
1309,0.4694532469460451
1310,0.46918287197254815
1311,0.4728236474338373
1312,0.4653659505720739
1313,0.470546120035819
1314,0.4677166600132858
1315,0.47063684455396526
1316,0.4714962963040876
1317,0.4594617175808911
1318,0.4560009915219348
1319,0.4570076213096812
1320,0.4641648774301301
1321,0.465500192968033
1322,0.4667013147416049
1323,0.46015465024089364
1324,0.4667874879253785
1325,0.47529937377121584
1326,0.42132882237678737
1327,0.42040393921361363
1328,0.4136521949653737
1329,0.41361082974587715
1330,0.41361082974587715
1331,0.41361082974587715
1332,0.41361082974587715
1333,0.41361082974587715
1334,0.41361082974587715
1335,0.41361082974587715
1336,0.41361082974587715
1337,0.41361082974587715
1338,0.41361082974587715
1339,0.41361082974587715
1340,0.41361082974587715
1341,0.41361082974587715
1342,0.41361082974587715
1343,0.41361082974587715
1344,0.41361082974587715
1345,0.41361082974587715
1346,0.41361082974587715
1347,0.41361082974587715
1348,0.41361082974587715
1349,0.41361082974587715
1350,0.41361082974587715
1351,0.41361082974587715
1352,0.41361082974587715
1353,0.41361082974587715
1354,0.41361082974587715
1355,0.41361082974587715
1356,0.41361082974587715
1357,0.41361082974587715
1358,0.41361082974587715
1359,0.41361082974587715
1360,0.41361082974587715
1361,0.41361082974587715
1362,0.41361082974587715
1363,0.41361082974587715
1364,0.41361082974587715
1365,0.41361082974587715
1366,0.41361082974587715
1367,0.41361082974587715
1368,0.41361082974587715
1369,0.41361082974587715
1370,0.41361082974587715
1371,0.41361082974587715
1372,0.41361082974587715
1373,0.41361082974587715
1374,0.41361082974587715
1375,0.41361082974587715
1376,0.41361082974587715
1377,0.41361082974587715
1378,0.41361082974587715
1379,0.41361082974587715
1380,0.41361082974587715
1381,0.41361082974587715
1382,0.41361082974587715
1383,0.41361082974587715
1384,0.41361082974587715
1385,0.41361082974587715
1386,0.41361082974587715
1387,0.41361082974587715
1388,0.41361082974587715
1389,0.41361082974587715
1390,0.41361082974587715
1391,0.41361082974587715
1392,0.41361082974587715
1393,0.41361082974587715
1394,0.41361082974587715
1395,0.41361082974587715
1396,0.41361082974587715
1397,0.41361082974587715
1398,0.41361082974587715
1399,0.41361082974587715
1400,0.41361082974587715
1401,0.41361082974587715
1402,0.41361082974587715
1403,0.41361082974587715
1404,0.41361082974587715
1405,0.41361082974587715
1406,0.41361082974587715
1407,0.41361082974587715
1408,0.41361082974587715
1409,0.41361082974587715
1410,0.41361082974587715
1411,0.41361082974587715
1412,0.41361082974587715
1413,0.41361082974587715
1414,0.41361082974587715
1415,0.41361082974587715
1416,0.41361082974587715
1417,0.41361082974587715
1418,0.41361082974587715
1419,0.41361082974587715
1420,0.41361082974587715
1421,0.41361082974587715
1422,0.41361082974587715
1423,0.41361082974587715
1424,0.41361082974587715
1425,0.41361082974587715
1426,0.41361082974587715
1427,0.41361082974587715
1428,0.41361082974587715
1429,0.41361082974587715
1430,0.41361082974587715
1431,0.41361082974587715
1432,0.41361082974587715
1433,0.41361082974587715
1434,0.41361082974587715
1435,0.41361082974587715
1436,0.41361082974587715
1437,0.41361082974587715
1438,0.41361082974587715
1439,0.41361082974587715
1440,0.41361082974587715
1441,0.41361082974587715
1442,0.41361082974587715
1443,0.41361082974587715
1444,0.41361082974587715
1445,0.41361082974587715
1446,0.41361082974587715
1447,0.41361082974587715
1448,0.41361082974587715
1449,0.41361082974587715
1450,0.41361082974587715
1451,0.41361082974587715
1452,0.41361082974587715
1453,0.41361082974587715
1454,0.41361082974587715
1455,0.41361082974587715
1456,0.41361082974587715
1457,0.41361082974587715
1458,0.41361082974587715
1459,0.41361082974587715
1460,0.41361082974587715
1461,0.41361082974587715
1462,0.41361082974587715
1463,0.41361082974587715
1464,0.41361082974587715
1465,0.41361082974587715
1466,0.41361082974587715
1467,0.41361082974587715
1468,0.41361082974587715
1469,0.4106196942560631
1470,0.41168594610164294
1471,0.40387184527560405
1472,0.39884237219783397
1473,0.4041764505089095
1474,0.4003837705871562
1475,0.4025141555709152
1476,0.4022655959026808
1477,0.3980856038511464
1478,0.3967016847678252
1479,0.3946669474112879
1480,0.3927481549832269
1481,0.3957191179772837
1482,0.3983090084143434
1483,0.39601569730357683
1484,0.3924396714457453
1485,0.39354924078086867
1486,0.39315582765693274
1487,0.3972194369678551
1488,0.4079080582749309
1489,0.411360947145533
1490,0.4112181051796739
1491,0.4105112374585529
1492,0.40700943311650467
1493,0.40333586812913197
1494,0.39930897051359
1495,0.3977334780005323
1496,0.39603820871102186
1497,0.3989946468203684
1498,0.39740583389144635
1499,0.3966219313606687
1500,0.3918193033759058
1501,0.39178012144556823
1502,0.39178012144556823
1503,0.39178012144556823
1504,0.39178012144556823
1505,0.39178012144556823
1506,0.39076862724697947
1507,0.3935811397556922
1508,0.4043748565207355
1509,0.39945733592412863
1510,0.4041837718585983
1511,0.41110518139424695
1512,0.4128401092522668
1513,0.4160113309249668
1514,0.42136896123961376
1515,0.41855399030819357
1516,0.4203047351174641
1517,0.4165889310044736
1518,0.42627808593419353
1519,0.423594355990508
1520,0.42297522474944793
1521,0.4236092132545915
1522,0.42557521251224056
1523,0.4194450835980067
1524,0.42803302866139065
1525,0.43312902028376576
1526,0.4363616096939483
1527,0.4347651393389463
1528,0.4343683509567829
1529,0.43681273239349955
1530,0.43865752052042223
1531,0.43117254600210997
1532,0.43445880990945684
1533,0.4476374392014462
1534,0.4392420894860186
1535,0.4437438555221538
1536,0.4454266174140924
1537,0.4449172730104482
1538,0.4512215763372883
1539,0.4457786622287705
1540,0.4465241587224291
1541,0.4532813671720734
1542,0.45236621718890624
1543,0.450428538090063
1544,0.45096025475879475
1545,0.4489051666131762
1546,0.4560960131578717
1547,0.45186563357413867
1548,0.45593678817771655
1549,0.45010790346241547
1550,0.4532133851722525
1551,0.45272508678581397
1552,0.44086268236903475
1553,0.4408356003302316
1554,0.43602700528781224
1555,0.4340398564571277
1556,0.44095899224869173
1557,0.43592319612472885
1558,0.43119764923445447
1559,0.43763069668537435
1560,0.4381526500131945
1561,0.44515150052614266
1562,0.4466345722786468
1563,0.44260162622814814
1564,0.44230001914225064
1565,0.4479267490482674
1566,0.452281495981488
1567,0.45228561869118666
1568,0.4525124681730782
1569,0.45198921201903436
1570,0.4493093565651773
1571,0.4583212869707121
1572,0.458355172695959
1573,0.4076790831479162
1574,0.40568464790965364
1575,0.40872572297420123
1576,0.4195245572466225
1577,0.41893344849743347
1578,0.41606417017990743
1579,0.41616646014941516
1580,0.4090667924012189
1581,0.4036281434781796
1582,0.40695719710954276
1583,0.4049567718176221
1584,0.4065208277675974
1585,0.4116449021918178
1586,0.41440353228042476
1587,0.41449135225629863
1588,0.42366028943353096
1589,0.42657871824906873
1590,0.4250268376977718
1591,0.42823807105478034
1592,0.43003764297501185
1593,0.4262699738344803
1594,0.4265898610923122
1595,0.4258668748046886
1596,0.4173441885413204
1597,0.4166050951057467
1598,0.4153943065910416
1599,0.4135265879482621
1600,0.4065922514872237
1601,0.40511231270637604
1602,0.4049470521301872
1603,0.40537164101930434
1604,0.4006670096592611
1605,0.4006269429582952
1606,0.4006269429582952
1607,0.4006269429582952
1608,0.4006269429582952
1609,0.4006269429582952
1610,0.4006269429582952
1611,0.4006269429582952
1612,0.4006269429582952
1613,0.4006269429582952
1614,0.4006269429582952
1615,0.4006269429582952
1616,0.4006269429582952
1617,0.4006269429582952
1618,0.4006269429582952
1619,0.4006269429582952
1620,0.4006269429582952
1621,0.4006269429582952
1622,0.4006269429582952
1623,0.4006269429582952
1624,0.4006269429582952
1625,0.4006269429582952
1626,0.4006269429582952
1627,0.4006269429582952
1628,0.4006269429582952
1629,0.4006269429582952
1630,0.4006269429582952
1631,0.4006269429582952
1632,0.4006269429582952
1633,0.4006269429582952
1634,0.4006269429582952
1635,0.4006269429582952
1636,0.4006269429582952
1637,0.4006269429582952
1638,0.4006269429582952
1639,0.4006269429582952
1640,0.4006269429582952
1641,0.4006269429582952
1642,0.4006269429582952
1643,0.4006269429582952
1644,0.4006269429582952
1645,0.4006269429582952
1646,0.4006269429582952
1647,0.4006269429582952
1648,0.4006269429582952
1649,0.4006269429582952
1650,0.4006269429582952
1651,0.401444314667132
1652,0.4072970908190934
1653,0.4084256879012965
1654,0.4109065425187448
1655,0.40501730669615554
1656,0.40450302073504035
1657,0.40422422116551493
1658,0.4032433221605533
1659,0.3946547651882239
1660,0.39814553933686564
1661,0.396607097531551
1662,0.3948734755979786
1663,0.39386715564772823
1664,0.3929698503062391
1665,0.3945728851117884
1666,0.3895894739575319
1667,0.38597906539705745
1668,0.38594046749051775
1669,0.38594046749051775
1670,0.38594046749051775
1671,0.38594046749051775
1672,0.38594046749051775
1673,0.38594046749051775
1674,0.38594046749051775
1675,0.38594046749051775
1676,0.38594046749051775
1677,0.38594046749051775
1678,0.38594046749051775
1679,0.38594046749051775
1680,0.38594046749051775
1681,0.38594046749051775
1682,0.38594046749051775
1683,0.38594046749051775
1684,0.38594046749051775
1685,0.38594046749051775
1686,0.38594046749051775
1687,0.38594046749051775
1688,0.38594046749051775
1689,0.38594046749051775
1690,0.38594046749051775
1691,0.38594046749051775
1692,0.38594046749051775
1693,0.38594046749051775
1694,0.38594046749051775
1695,0.38594046749051775
1696,0.38594046749051775
1697,0.38594046749051775
1698,0.38594046749051775
1699,0.38594046749051775
1700,0.38594046749051775
1701,0.38594046749051775
1702,0.38594046749051775
1703,0.38594046749051775
1704,0.38594046749051775
1705,0.38594046749051775
1706,0.38594046749051775
1707,0.38594046749051775
1708,0.38594046749051775
1709,0.38594046749051775
1710,0.38594046749051775
1711,0.38594046749051775
1712,0.38594046749051775
1713,0.38594046749051775
1714,0.38594046749051775
1715,0.38594046749051775
1716,0.38594046749051775
1717,0.38594046749051775
1718,0.38594046749051775
1719,0.38594046749051775
1720,0.38594046749051775
1721,0.38594046749051775
1722,0.38594046749051775
1723,0.38594046749051775
1724,0.38594046749051775
1725,0.38594046749051775
1726,0.38594046749051775
1727,0.38594046749051775
1728,0.38594046749051775
1729,0.38594046749051775
1730,0.38594046749051775
1731,0.38594046749051775
1732,0.38594046749051775
1733,0.38594046749051775
1734,0.38594046749051775
1735,0.38594046749051775
1736,0.38594046749051775
1737,0.38594046749051775
1738,0.38594046749051775
1739,0.38594046749051775
1740,0.38594046749051775
1741,0.38594046749051775
1742,0.38594046749051775
1743,0.38594046749051775
1744,0.38594046749051775
1745,0.38594046749051775
1746,0.38594046749051775
1747,0.38594046749051775
1748,0.38594046749051775
1749,0.38594046749051775
1750,0.38594046749051775
1751,0.38594046749051775
1752,0.38594046749051775
1753,0.38594046749051775
1754,0.38594046749051775
1755,0.38594046749051775
1756,0.38594046749051775
1757,0.38594046749051775
1758,0.38594046749051775
1759,0.38594046749051775
1760,0.38594046749051775
1761,0.38594046749051775
1762,0.38594046749051775
1763,0.38778261727634716
1764,0.3830913475735469
1765,0.38451526696396987
1766,0.3898411992475263
1767,0.38792307718716657
1768,0.38493352064239456
1769,0.3888661219364213
1770,0.38941079015184904
1771,0.3851409538627584
1772,0.38368116767764704
1773,0.38079276005969853
1774,0.38192260254403865
1775,0.3823417423162497
1776,0.38676578090125624
1777,0.3895202847578468
1778,0.38347736733185034
1779,0.3850412642045465
1780,0.38851035820291746
1781,0.39028553964390583
1782,0.3943264899136257
1783,0.39216530637241664
1784,0.3884541452343677
1785,0.39208389423943024
1786,0.38792855500941475
1787,0.3796409018375279
1788,0.3835533828522256
1789,0.38078578044685085
1790,0.3796221055907725
1791,0.37435199034465105
1792,0.36942259387052784
1793,0.36517450717381145
1794,0.3638598778843482
1795,0.3652086497540351
1796,0.35691252411370705
1797,0.3596072461603201
1798,0.3553817171513764
1799,0.3516123723144959
1800,0.3540038920909184
1801,0.3537397836345201
1802,0.34834634548516147
1803,0.35483154558098867
1804,0.35179089166846617
1805,0.35266200341620213
1806,0.35336764574473717
1807,0.35839017812497054
1808,0.35676082082991184
1809,0.3603754787479897
1810,0.35771178388417574
1811,0.3617483765708003
1812,0.3589987948415824
1813,0.3577008206521245
1814,0.36454740796240626
1815,0.3657047521978237
1816,0.3661063663404207
1817,0.37440735993137414
1818,0.3757627533419546
1819,0.3727084937525355
1820,0.37545659650670643
1821,0.371046008416348
1822,0.3752562898792755
1823,0.3798091956124151
1824,0.3776392663060148
1825,0.37527549122915993
1826,0.3759384533728438
1827,0.3759916717979998
1828,0.37233355937750184
1829,0.3744547605892288
1830,0.36688639113956245
1831,0.3653017208663311
1832,0.3638290938447078
1833,0.3628362314580943
1834,0.3639526651960275
1835,0.35951057559767047
1836,0.36163258761663675
1837,0.3609816784848485
1838,0.35864213174818405
1839,0.35377346625564066
1840,0.3537380889090151
1841,0.3537380889090151
1842,0.3537380889090151
1843,0.3537380889090151
1844,0.3537380889090151
1845,0.3537380889090151
1846,0.3537380889090151
1847,0.3537380889090151
1848,0.3537380889090151
1849,0.3537380889090151
1850,0.3537380889090151
1851,0.3537380889090151
1852,0.3537380889090151
1853,0.3537380889090151
1854,0.3537380889090151
1855,0.3537380889090151
1856,0.3537380889090151
1857,0.3537380889090151
1858,0.3537380889090151
1859,0.3537380889090151
1860,0.3572228096704053
1861,0.35539857533360636
1862,0.3616210203927083
1863,0.36123702903330535
1864,0.3648141898076555
1865,0.3644851256475852
1866,0.36358717271177793
1867,0.37105173412541714
1868,0.3699056784811103
1869,0.3652112241446539
1870,0.3626126051299228
1871,0.36146411920583826
1872,0.3769531972516406
1873,0.37773337660422035
1874,0.38128065370125674
1875,0.3774808082302259
1876,0.3788141862715373
1877,0.3813664007070941
1878,0.388299467047004
1879,0.38560524303425103
1880,0.38793936605273915
1881,0.3891149858701981
1882,0.3851595817005008
1883,0.3850846514344433
1884,0.38407138543444236
1885,0.37524336192612673
1886,0.3774965659640605
1887,0.3795414851183922
1888,0.3778791963333413
1889,0.372854751886188
1890,0.3784135886518158
1891,0.3794215060332585
1892,0.3832987660726437
1893,0.38874281115920345
1894,0.38672308848551584
1895,0.3898766662056017
1896,0.38893761518172854
1897,0.38869441605395455
1898,0.3883617753493239
1899,0.3883566531536052
1900,0.3927069771551671
1901,0.39319355770732367
1902,0.3925895548399332
1903,0.39150539829291
1904,0.3928439446367652
1905,0.3893441920762104
1906,0.38739203113202714
1907,0.3871895532599041
1908,0.38500483463374097
1909,0.3845489658182871
1910,0.38220738789590736
1911,0.3899439221129045
1912,0.39516110667127863
1913,0.3969431487802878
1914,0.39673037079535706
1915,0.4055177009719237
1916,0.40682944920438535
1917,0.4064762894769397
1918,0.4342783771410998
1919,0.43560905685703
1920,0.44179605412699524
1921,0.4417122768082304
1922,0.4510832719395695
1923,0.44712211637803617
1924,0.45023616241785946
1925,0.44574809485318434
1926,0.45392182531332353
1927,0.45242379399027954
1928,0.4521606084593486
1929,0.4563590154056265
1930,0.4621239850888558
1931,0.4570141954681555
1932,0.4554349346910263
1933,0.4491260709969874
1934,0.4497431677845264
1935,0.44928748274248126
1936,0.44772249782547774
1937,0.44466847415105387
1938,0.44295577659740554
1939,0.43966188335311424
1940,0.4419936886932229
1941,0.4487451372235749
1942,0.44016421024351354
1943,0.4396540586045236
1944,0.4378193881383355
1945,0.4399803889588129
1946,0.43581266570300037
1947,0.43517494684412544
1948,0.430674336646139
1949,0.4306312692124744
1950,0.4306312692124744
1951,0.4306312692124744
1952,0.4306312692124744
1953,0.4306312692124744
1954,0.4306312692124744
1955,0.4306312692124744
1956,0.4306312692124744
1957,0.4306312692124744
1958,0.4306312692124744
1959,0.4306312692124744
1960,0.4306312692124744
1961,0.4306312692124744
1962,0.4306312692124744
1963,0.4306312692124744
1964,0.4306312692124744
1965,0.4306312692124744
1966,0.4306312692124744
1967,0.4306312692124744
1968,0.4306312692124744
1969,0.4306312692124744
1970,0.4306312692124744
1971,0.4306312692124744
1972,0.4306312692124744
1973,0.4306312692124744
1974,0.4306312692124744
1975,0.4306312692124744
1976,0.4306312692124744
1977,0.4306312692124744
1978,0.4306312692124744
1979,0.4306312692124744
1980,0.4306312692124744
1981,0.4306312692124744
1982,0.4306312692124744
1983,0.4306312692124744
1984,0.4306312692124744
1985,0.4306312692124744
1986,0.4306312692124744
1987,0.4306312692124744
1988,0.4306312692124744
1989,0.4306312692124744
1990,0.4306312692124744
1991,0.4306312692124744
1992,0.4306312692124744
1993,0.4306312692124744
1994,0.4310086000618223
1995,0.42208027448248703
1996,0.419253041362692
1997,0.4197243335459103
1998,0.41448550087150127
1999,0.41090659147657344
2000,0.40940691319093625
2001,0.4108087080366419
2002,0.41013002988120895
2003,0.4064991876542887
2004,0.40971374910208114
2005,0.40750873516754316
2006,0.4054790793574174
2007,0.39992329414908606
2008,0.39988330181967113
2009,0.39988330181967113
2010,0.39988330181967113
2011,0.39988330181967113
2012,0.39988330181967113
2013,0.39988330181967113
2014,0.39988330181967113
2015,0.39988330181967113
2016,0.39988330181967113
2017,0.39988330181967113
2018,0.39988330181967113
2019,0.39988330181967113
2020,0.39988330181967113
2021,0.39988330181967113
2022,0.39988330181967113
2023,0.39988330181967113
2024,0.39988330181967113
2025,0.39988330181967113
2026,0.39988330181967113
2027,0.39988330181967113
2028,0.39988330181967113
2029,0.39988330181967113
2030,0.39988330181967113
2031,0.39988330181967113
2032,0.39988330181967113
2033,0.39988330181967113
2034,0.39988330181967113
2035,0.39988330181967113
2036,0.39988330181967113
2037,0.39988330181967113
2038,0.39988330181967113
2039,0.39988330181967113
2040,0.39988330181967113
2041,0.39988330181967113
2042,0.39988330181967113
2043,0.39988330181967113
2044,0.39988330181967113
2045,0.39988330181967113
2046,0.39988330181967113
2047,0.39988330181967113
2048,0.39988330181967113
2049,0.39988330181967113
2050,0.39988330181967113
2051,0.39988330181967113
2052,0.39988330181967113
2053,0.39988330181967113
2054,0.39988330181967113
2055,0.399765159993583
2056,0.40725210485592145
2057,0.40339587474397814
2058,0.4023683740466196
2059,0.3968593987982484
2060,0.39549744561415356
2061,0.39755319653142246
2062,0.40336474287388296
2063,0.40069796795946155
2064,0.40071922344112476
2065,0.39928238050600284
2066,0.39634414533906925
2067,0.39165803258246323
2068,0.39189568898430954
2069,0.3851662482985527
2070,0.3855922586245718
2071,0.3856730561298696
2072,0.3831446149806858
2073,0.3792909038599168
2074,0.3740765270276685
2075,0.37403911937496576
2076,0.37403911937496576
2077,0.37403911937496576
2078,0.37403911937496576
2079,0.37403911937496576
2080,0.37403911937496576
2081,0.37403911937496576
2082,0.37403911937496576
2083,0.37403911937496576
2084,0.37403911937496576
2085,0.37403911937496576
2086,0.37403911937496576
2087,0.37403911937496576
2088,0.37403911937496576
2089,0.37403911937496576
2090,0.37403911937496576
2091,0.37403911937496576
2092,0.37403911937496576
2093,0.37403911937496576
2094,0.37403911937496576
2095,0.37403911937496576
2096,0.37403911937496576
2097,0.37403911937496576
2098,0.37403911937496576
2099,0.37403911937496576
2100,0.37403911937496576
2101,0.37403911937496576
2102,0.37403911937496576
2103,0.37403911937496576
2104,0.37403911937496576
2105,0.37403911937496576
2106,0.37403911937496576
2107,0.3705910700075743
2108,0.3751162676811285
2109,0.36995442506025517
2110,0.3743126878074314
2111,0.37790230319416024
2112,0.3775508314510553
2113,0.3746719222331932
2114,0.3738245307278326
2115,0.3755960627520061
2116,0.3783973557270276
2117,0.3794846085194854
2118,0.38326835212104354
2119,0.38113782548557407
2120,0.3820329343164957
2121,0.376088076613025
2122,0.3789709787221727
2123,0.3795519170795768
2124,0.377977870254633
2125,0.3823938405859021
2126,0.3850473582949055
2127,0.3743541943108678
2128,0.3745035287013074
2129,0.36909386389012533
2130,0.37305191196305876
2131,0.38245398001908876
2132,0.38047596074804013
2133,0.38075982233266453
2134,0.37980518607274144
2135,0.38113993232992804
2136,0.3836045001532765
2137,0.38857414991782957
2138,0.38475616667284357
2139,0.3908508965257725
2140,0.38722697115614757
2141,0.3883014212365583
2142,0.3928263525778798
2143,0.3956379995660684
2144,0.3919420123821707
2145,0.3892005117094034
2146,0.3874052706450624
2147,0.3872070888614506
2148,0.3916737393758361
2149,0.3866465937436879
2150,0.38845529655288635
2151,0.3908320080465104
2152,0.3930200812697682
2153,0.39485703839956016
2154,0.4008979685853922
2155,0.4028583599133625
2156,0.4063255267560817
2157,0.4086218243358825
2158,0.4160149602507957
2159,0.40818609040750836
2160,0.4134531719854211
2161,0.4123753393188924
2162,0.41121935549300886
2163,0.4072519421270297
2164,0.3997123093327644
2165,0.39818873968704843
2166,0.39546139827344917
2167,0.3974205023068053
2168,0.39161229036714873
2169,0.39725898651055647
2170,0.39834073829808236
2171,0.39735446389187906
2172,0.3945455139999586
2173,0.3914518167544964
2174,0.38705297222090584
2175,0.3849517322070452
2176,0.384975024088608
2177,0.38429282427178924
2178,0.37889531244086244
2179,0.3788574229096184
2180,0.3788574229096184
2181,0.3788574229096184
2182,0.3788574229096184
2183,0.3788574229096184
2184,0.3788574229096184
2185,0.3788574229096184
2186,0.3788574229096184
2187,0.3788574229096184
2188,0.3788574229096184
2189,0.3788574229096184
2190,0.3788574229096184
2191,0.3788574229096184
2192,0.3788574229096184
2193,0.3788574229096184
2194,0.3788574229096184
2195,0.3788574229096184
2196,0.3788574229096184
2197,0.3788574229096184
2198,0.3788574229096184
2199,0.3788574229096184
2200,0.3788574229096184
2201,0.3788574229096184
2202,0.3788574229096184
2203,0.3788574229096184
2204,0.3788574229096184
2205,0.3788574229096184
2206,0.3788574229096184
2207,0.3788574229096184
2208,0.3788574229096184
2209,0.3788574229096184
2210,0.3788574229096184
2211,0.3788574229096184
2212,0.3788574229096184
2213,0.3788574229096184
2214,0.3788574229096184
2215,0.3788574229096184
2216,0.3788574229096184
2217,0.3788574229096184
2218,0.3788574229096184
2219,0.3788574229096184
2220,0.3788574229096184
2221,0.3788574229096184
2222,0.3788574229096184
2223,0.3788574229096184
2224,0.3788574229096184
2225,0.3826794109086977
2226,0.37732810789036914
2227,0.3768815088704156
2228,0.3738334583986814
2229,0.3716447620262687
2230,0.37525613756909654
2231,0.37225154442760006
2232,0.37176755526257
2233,0.3647393541645413
2234,0.3641619478229914
2235,0.3644899021939623
2236,0.36193004446325167
2237,0.3593339136631736
2238,0.3661768109130909
2239,0.3617736947884715
2240,0.3579927351756742
2241,0.3551082201940249
2242,0.35939094485608075
2243,0.36702361913535464
2244,0.36824481009617144
2245,0.3656127750472123
2246,0.36405227066218165
2247,0.36794945611498187
2248,0.3646124112639924
2249,0.3699487078903941
2250,0.3752266151614165
2251,0.37549014681954784
2252,0.37792415615384234
2253,0.3807682757132887
2254,0.38673244255912353
2255,0.382687440418259
2256,0.38723456481437596
2257,0.38578427494364415
2258,0.38283371491774776
2259,0.38322698145645195
2260,0.38240643602732033
2261,0.37864878313724115
2262,0.3726485601793807
2263,0.36915434237451705
2264,0.37455490494024307
2265,0.3819784127552808
2266,0.38446980694362093
2267,0.38905647576949365
2268,0.37738212946398575
2269,0.3770910851168763
2270,0.37815887466882553
2271,0.37409190960275907
2272,0.3704068785340533
2273,0.3707670049146819
2274,0.3695813235439616
2275,0.365671445065833
2276,0.36708761790688904
2277,0.36612242333062134
2278,0.36988099063080887
2279,0.3698618272165218
2280,0.36875277437172654
2281,0.36922387345197283
2282,0.3685894152193979
2283,0.36613527472017543
2284,0.3646665255422493
2285,0.3646300588896951
2286,0.3646300588896951
2287,0.3646300588896951
2288,0.3646300588896951
2289,0.3646300588896951
2290,0.3646300588896951
2291,0.3646300588896951
2292,0.3646300588896951
2293,0.3646300588896951
2294,0.3646300588896951
2295,0.3646300588896951
2296,0.3646300588896951
2297,0.3646300588896951
2298,0.3646300588896951
2299,0.3646300588896951
2300,0.3646300588896951
2301,0.3646300588896951
2302,0.3646300588896951
2303,0.3646300588896951
2304,0.3646300588896951
2305,0.3646300588896951
2306,0.3646300588896951
2307,0.3646300588896951
2308,0.3646300588896951
2309,0.3646300588896951
2310,0.3646300588896951
2311,0.3646300588896951
2312,0.3646300588896951
2313,0.3646300588896951
2314,0.3646300588896951
2315,0.3646300588896951
2316,0.3646300588896951
2317,0.3646300588896951
2318,0.3646300588896951
2319,0.3646300588896951
2320,0.3646300588896951
2321,0.3646300588896951
2322,0.3646300588896951
2323,0.3646300588896951
2324,0.3646300588896951
2325,0.3646300588896951
2326,0.3646300588896951
2327,0.3646300588896951
2328,0.3646300588896951
2329,0.3646300588896951
2330,0.3646300588896951
2331,0.3646300588896951
2332,0.3646300588896951
2333,0.3646300588896951
2334,0.3646300588896951
2335,0.3646300588896951
2336,0.3646300588896951
2337,0.3646300588896951
2338,0.3685819190287708
2339,0.37055481048108574
2340,0.36907777897597893
2341,0.3778659038201206
2342,0.3793537392613928
2343,0.3814344344904576
2344,0.38078233483510565
2345,0.3754348063155553
2346,0.3704569401804449
2347,0.37196769126524776
2348,0.37342802929888147
2349,0.3725328828851832
2350,0.3681934473496252
2351,0.3900877683326472
2352,0.38881095715334796
2353,0.3831903928179784
2354,0.38665047834533484
2355,0.39113304710283103
2356,0.4060046428950489
2357,0.4095863589212367
2358,0.4071653114869238
2359,0.40363161739314346
2360,0.3899370605749284
2361,0.38762425349434915
2362,0.3869388664805616
2363,0.39070186884384317
2364,0.3930987241863819
2365,0.39541833653496816
2366,0.39626396217327753
2367,0.39889158398976177
2368,0.4047079357496115
2369,0.40042115942827977
2370,0.39859421242732324
2371,0.39309785361952054
2372,0.39951254855879137
2373,0.4047274455493132
2374,0.40778362719949074
2375,0.40292530365906015
2376,0.40362274495410927
2377,0.40267679734622036
2378,0.40300240068692195
2379,0.4022449927426497
2380,0.40434192374670436
2381,0.4027485682960719
2382,0.40620508693333396
2383,0.40718682958856955
2384,0.4059952090454957
2385,0.4055413436138302
2386,0.4037585098622871
2387,0.40705804494474873
2388,0.40595452542897936
2389,0.4053839611505369
2390,0.40379633288632927
2391,0.397843855552578
2392,0.401465117685922
2393,0.3972395044290977
2394,0.3999465823972309
2395,0.4016305041099966
2396,0.3950341384143516
2397,0.3913198952391891
2398,0.39128076324966515
2399,0.39128076324966515
2400,0.39128076324966515
2401,0.39128076324966515
2402,0.39128076324966515
2403,0.39128076324966515
2404,0.39128076324966515
2405,0.39128076324966515
2406,0.39128076324966515
2407,0.39128076324966515
2408,0.39128076324966515
2409,0.39128076324966515
2410,0.39128076324966515
2411,0.39128076324966515
2412,0.39128076324966515
2413,0.39128076324966515
2414,0.39128076324966515
2415,0.39128076324966515
2416,0.39128076324966515
2417,0.39128076324966515
2418,0.39128076324966515
2419,0.39128076324966515
2420,0.39128076324966515
2421,0.39128076324966515
2422,0.39128076324966515
2423,0.39128076324966515
2424,0.39128076324966515
2425,0.39128076324966515
2426,0.39128076324966515
2427,0.39128076324966515
2428,0.39128076324966515
2429,0.39128076324966515
2430,0.39128076324966515
2431,0.39128076324966515
2432,0.39128076324966515
2433,0.39128076324966515
2434,0.39128076324966515
2435,0.39128076324966515
2436,0.39128076324966515
2437,0.39128076324966515
2438,0.39128076324966515
2439,0.39128076324966515
2440,0.39128076324966515
2441,0.39128076324966515
2442,0.39128076324966515
2443,0.3919432870558167
2444,0.3931292921724912
2445,0.39391760236407286
2446,0.39084750393314704
2447,0.3827113728937753
2448,0.38014939621355986
2449,0.3725249362398386
2450,0.372778186904983
2451,0.3727950979540641
2452,0.36660067931735746
2453,0.36913220909334626
2454,0.37234597074287207
2455,0.37270304211975885
2456,0.3789706008861011
2457,0.3861304583214433
2458,0.3815017154577547
2459,0.38547733548743396
2460,0.3871804554697105
2461,0.38880350027774735
2462,0.39245369294102284
2463,0.38964141697981797
2464,0.3873401115162819
2465,0.3841512775958158
2466,0.38126222895235284
2467,0.38088682585725075
2468,0.3753969668445772
2469,0.3714917923167994
2470,0.3736434698014849
2471,0.37337841630588575
2472,0.37481102821645895
2473,0.3677963430560413
2474,0.3649246291236869
2475,0.36290337352006663
2476,0.36302146266938995
2477,0.3608993521716185
2478,0.36086326223640136
2479,0.36086326223640136
2480,0.36086326223640136
2481,0.36086326223640136
2482,0.36086326223640136
2483,0.36086326223640136
2484,0.36086326223640136
2485,0.36086326223640136
2486,0.36086326223640136
2487,0.36086326223640136
2488,0.36086326223640136
2489,0.36086326223640136
2490,0.36086326223640136
2491,0.36086326223640136
2492,0.36086326223640136
2493,0.36086326223640136
2494,0.36086326223640136
2495,0.36073117557202816
2496,0.3533226358836617
2497,0.3580814404601533
2498,0.3584678435222047
2499,0.35429438878502867
2500,0.3535927889114318
2501,0.3504813871797241
2502,0.3579200707005135
2503,0.35970582504611026
2504,0.3541071082340032
2505,0.35604640677518823
2506,0.35462953418950377
2507,0.3614925787264404
2508,0.3577071183049174
2509,0.3497589668996817
2510,0.34998942615468126
2511,0.348773484363446
2512,0.34732356595397706
2513,0.33996559475213545
2514,0.34141970062390264
2515,0.3471808985496895
2516,0.3406159086180976
2517,0.34462873654654674
2518,0.3426743375944676
2519,0.3508190613392298
2520,0.352351999673032
2521,0.3516907475312245
2522,0.35559983831188025
2523,0.35747532309936053
2524,0.3553637005784674
2525,0.3578965374621012
2526,0.3560734338449827
2527,0.349761713746406
2528,0.3569401164548798
2529,0.3556944926417069
2530,0.3535348463311808
2531,0.35473437724876644
2532,0.34924474717688336
2533,0.3445492948596819
2534,0.3428320593057127
2535,0.34105490845413006
2536,0.3453754743407733
2537,0.34927435602317247
2538,0.3476226192970799
2539,0.34933992621162935
2540,0.3514476963108331
2541,0.34765831534025493
2542,0.34845346859855547
2543,0.3451841450511591
2544,0.3488761596610143
2545,0.3504674779684729
2546,0.3505253242952164
2547,0.34586065379412434
2548,0.34626205034698226
2549,0.34361628499737423
2550,0.34605067041127313
2551,0.34563798651945377
2552,0.34284158869943976
2553,0.34602937798813704
2554,0.3485351303649184
2555,0.34647340374701224
2556,0.3505230043058633
2557,0.34947862129229557
2558,0.348399870838999
2559,0.3488314606324835
2560,0.3422712145705777
2561,0.34076294133469515
2562,0.34072886504056166
2563,0.34072886504056166
2564,0.34072886504056166
2565,0.34072886504056166
2566,0.34072886504056166
2567,0.34072886504056166
2568,0.34072886504056166
2569,0.34072886504056166
2570,0.34169133788440575
2571,0.3500442695037687
2572,0.35089712660910366
2573,0.3467198833913891
2574,0.3512758847650016
2575,0.3498313832579853
2576,0.3487685051065443
2577,0.33848902322479774
2578,0.34189426518212296
2579,0.3447039782297757
2580,0.34746926301121744
2581,0.35088560837816474
2582,0.35686953625439777
2583,0.35670540742308826
2584,0.36006566471900275
2585,0.35739728947767296
2586,0.3561350478666758
2587,0.35991849692980654
2588,0.36132898050637335
2589,0.3565429447617143
2590,0.3578335694707819
2591,0.35717964916282585
2592,0.35426747652895585
2593,0.355809359979681
2594,0.3543729978881503
2595,0.34885108056362407
2596,0.34499625955253643
2597,0.3511541412263646
2598,0.3458744979949512
2599,0.3466459730535505
2600,0.34876717098190024
2601,0.3510035924019677
2602,0.34672839204396094
2603,0.3456153183569019
2604,0.34610244918773153
2605,0.3488831037265354
2606,0.3466401851090239
2607,0.342630486077207
2608,0.34608288793943276
2609,0.34992884833515814
2610,0.35122623812964643
2611,0.34909451331825486
2612,0.35051738783173136
2613,0.35090075034339535
2614,0.35385234007677024
2615,0.34945981552657285
2616,0.34986633647282533
2617,0.3493102679820596
2618,0.34545545648899934
2619,0.3462012289670374
2620,0.3463221360518193
2621,0.3449038850984711
2622,0.34627251193202363
2623,0.3413942957079275
2624,0.3413601562783567
2625,0.3413601562783567
2626,0.3413601562783567
2627,0.3413601562783567
2628,0.3413601562783567
2629,0.3413601562783567
2630,0.3413601562783567
2631,0.3413601562783567
2632,0.3413601562783567
2633,0.3413601562783567
2634,0.3413601562783567
2635,0.3413601562783567
2636,0.3413601562783567
2637,0.3413601562783567
2638,0.3413601562783567
2639,0.3413601562783567
2640,0.3413601562783567
2641,0.3413601562783567
2642,0.3413601562783567
2643,0.34229722568704546
2644,0.34649085331196805
2645,0.3429496290888605
2646,0.338208298191728
2647,0.3430676104001156
2648,0.34816487273072755
2649,0.3499475891370251
2650,0.350739598313067
2651,0.35132292997975484
2652,0.3489135607694656
2653,0.3543235907084276
2654,0.3566658688068871
2655,0.35847483282135956
2656,0.35982568610284155
2657,0.3636161714060827
2658,0.36545709681585803
2659,0.3681912439488195
2660,0.36391239990590785
2661,0.3657732145815365
2662,0.3738615434413723
2663,0.3719280025901092
2664,0.3714491604627572
2665,0.37477709748055404
2666,0.37838207826541065
2667,0.3807521905839914
2668,0.3746426890224808
2669,0.37652710821302443
2670,0.3720965263557929
2671,0.3690404582123866
2672,0.37106855085927787
2673,0.3699724626169492
2674,0.372980002885428
2675,0.3849087114968872
2676,0.3879117998006769
2677,0.39072598950554904
2678,0.38724177726896986
2679,0.3847599382085621
2680,0.38068908184544026
2681,0.3786669373540885
2682,0.3745553184616391
2683,0.3720925466786148
2684,0.37131671822945156
2685,0.3676199454921765
2686,0.3624399033481128
2687,0.3575388549624897
2688,0.35916548833333306
2689,0.35938014137194874
2690,0.36308614536265293
2691,0.3668982322735112
2692,0.3656505603250205
2693,0.36810880486697833
2694,0.362844132283328
2695,0.3712232337121628
2696,0.3756874819539358
2697,0.3748804963614574
2698,0.3705451517831071
2699,0.3719560827736731
2700,0.3650648667657158
2701,0.36223096404429966
2702,0.36495337517917126
2703,0.365228832753479
2704,0.363440082656932
2705,0.3669119293275998
2706,0.3631207794069452
2707,0.3641560595272744
2708,0.3623474853550042
2709,0.3592900320856316
2710,0.3609588304444064
2711,0.35739267754678306
2712,0.35735693827902837
2713,0.35735693827902837
2714,0.35735693827902837
2715,0.35735693827902837
2716,0.35735693827902837
2717,0.35735693827902837
2718,0.35735693827902837
2719,0.35735693827902837
2720,0.35735693827902837
2721,0.35735693827902837
2722,0.35735693827902837
2723,0.35735693827902837
2724,0.35735693827902837
2725,0.35735693827902837
2726,0.35735693827902837
2727,0.35735693827902837
2728,0.35735693827902837
2729,0.35735693827902837
2730,0.35735693827902837
2731,0.35735693827902837
2732,0.35735693827902837
2733,0.35735693827902837
2734,0.35735693827902837
2735,0.35735693827902837
2736,0.35735693827902837
2737,0.35735693827902837
2738,0.35735693827902837
2739,0.35735693827902837
2740,0.35735693827902837
2741,0.35735693827902837
2742,0.35735693827902837
2743,0.35735693827902837
2744,0.35735693827902837
2745,0.35735693827902837
2746,0.35735693827902837
2747,0.35735693827902837
2748,0.35735693827902837
2749,0.35735693827902837
2750,0.35735693827902837
2751,0.35735693827902837
2752,0.35735693827902837
2753,0.35735693827902837
2754,0.35735693827902837
2755,0.35735693827902837
2756,0.35735693827902837
2757,0.35735693827902837
2758,0.35735693827902837
2759,0.35735693827902837
2760,0.35735693827902837
2761,0.35735693827902837
2762,0.35735693827902837
2763,0.35735693827902837
2764,0.35735693827902837
2765,0.35735693827902837
2766,0.35735693827902837
2767,0.35735693827902837
2768,0.35735693827902837
2769,0.35735693827902837
2770,0.35735693827902837
2771,0.35735693827902837
2772,0.35735693827902837
2773,0.35735693827902837
2774,0.35735693827902837
2775,0.35735693827902837
2776,0.35735693827902837
2777,0.35735693827902837
2778,0.35735693827902837
2779,0.35735693827902837
2780,0.35735693827902837
2781,0.35735693827902837
2782,0.35735693827902837
2783,0.35735693827902837
2784,0.35735693827902837
2785,0.35735693827902837
2786,0.35735693827902837
2787,0.35735693827902837
2788,0.35735693827902837
2789,0.35735693827902837
2790,0.36367572531385883
2791,0.3591642229564967
2792,0.3599489201599399
2793,0.35895120453813656
2794,0.35328984106013367
2795,0.3507732208226646
2796,0.354749022879858
2797,0.35308928425994407
2798,0.3505470658271926
2799,0.3536039789331262
2800,0.35711803238952766
2801,0.3606594602099991
2802,0.357822572447531
2803,0.35162479476343594
2804,0.3552675879924573
2805,0.3529445396929478
2806,0.35030970040554543
2807,0.35322312566830044
2808,0.35878503765422276
2809,0.34009446866119053
2810,0.33137403214090466
2811,0.32660274307898934
2812,0.3233127286296791
2813,0.32328039735681613
2814,0.32328039735681613
2815,0.32328039735681613
2816,0.32328039735681613
2817,0.32328039735681613
2818,0.32328039735681613
2819,0.32328039735681613
2820,0.32328039735681613
2821,0.32328039735681613
2822,0.32328039735681613
2823,0.32328039735681613
2824,0.32328039735681613
2825,0.32328039735681613
2826,0.32328039735681613
2827,0.32328039735681613
2828,0.32328039735681613
2829,0.32328039735681613
2830,0.32328039735681613
2831,0.32328039735681613
2832,0.32328039735681613
2833,0.32328039735681613
2834,0.32328039735681613
2835,0.32328039735681613
2836,0.32328039735681613
2837,0.32328039735681613
2838,0.32328039735681613
2839,0.32328039735681613
2840,0.32328039735681613
2841,0.32328039735681613
2842,0.32328039735681613
2843,0.32328039735681613
2844,0.32328039735681613
2845,0.32328039735681613
2846,0.32328039735681613
2847,0.32328039735681613
2848,0.32328039735681613
2849,0.32328039735681613
2850,0.32328039735681613
2851,0.32328039735681613
2852,0.32328039735681613
2853,0.32328039735681613
2854,0.32328039735681613
2855,0.32328039735681613
2856,0.32328039735681613
2857,0.32328039735681613
2858,0.32328039735681613
2859,0.32328039735681613
2860,0.32805929458603417
2861,0.3314359367130456
2862,0.33114451112907334
2863,0.3329241617082742
2864,0.32938093501707255
2865,0.3272768696820132
2866,0.3199623057927879
2867,0.3238909434028585
2868,0.31780015763682123
2869,0.31997264330492114
2870,0.31732571343948857
2871,0.31423434175756526
2872,0.3136220850089866
2873,0.31445872640428874
2874,0.316389451661946
2875,0.32204465420082024
2876,0.32320162489293397
2877,0.3260622479529972
2878,0.32411662919844286
2879,0.3264381935533675
2880,0.326938904921056
2881,0.325428077215685
2882,0.3251158834185603
2883,0.3249141950098803
2884,0.32553576236898596
2885,0.3268450601483839
2886,0.325186002083836
2887,0.32278601075909696
2888,0.32520778422835
2889,0.31973700676533023
2890,0.31776646859917407
2891,0.32273866643065274
2892,0.31411869893505784
2893,0.31194921943588894
2894,0.31410194858613805
2895,0.30896079696758355
2896,0.3089299008878868
2897,0.3089299008878868
2898,0.3089299008878868
2899,0.3089299008878868
2900,0.3089299008878868
2901,0.3089299008878868
2902,0.3089299008878868
2903,0.3089299008878868
2904,0.3089299008878868
2905,0.3089299008878868
2906,0.3089299008878868
2907,0.3089299008878868
2908,0.3089299008878868
2909,0.3089299008878868
2910,0.3089299008878868
2911,0.3089299008878868
2912,0.3089299008878868
2913,0.3089299008878868
2914,0.3089299008878868
2915,0.3089299008878868
2916,0.3089299008878868
2917,0.3089299008878868
2918,0.3089299008878868
2919,0.3089299008878868
2920,0.3089299008878868
2921,0.3089299008878868
2922,0.3089299008878868
2923,0.3089299008878868
2924,0.3089299008878868
2925,0.3089299008878868
2926,0.3089299008878868
2927,0.3089299008878868
2928,0.3089299008878868
2929,0.3089299008878868
2930,0.3089299008878868
2931,0.3089299008878868
2932,0.3089299008878868
2933,0.3089299008878868
2934,0.3089299008878868
2935,0.30881332969942554
2936,0.3133659723788922
2937,0.3163379765507395
2938,0.3137020269950114
2939,0.31155231557759117
2940,0.31584136891547476
2941,0.31681591384934604
2942,0.3160825140878428
2943,0.31985464609719744
2944,0.3186173077796792
2945,0.3177271403961556
2946,0.3162652467555458
2947,0.3101216143486724
2948,0.3128134776317812
2949,0.30905407148721775
2950,0.30730149160405973
2951,0.3050240433631327
2952,0.30724961955491625
2953,0.3070389714577841
2954,0.30708630992434194
2955,0.3019719855384895
2956,0.30170806554657864
2957,0.29728656783437163
2958,0.29820122742335764
2959,0.29929680753547055
2960,0.2992447419542342
2961,0.30542162846443077
2962,0.30703768716207364
2963,0.3088725527868961
2964,0.3093124264167845
2965,0.3087167759997047
2966,0.31171317580229835
2967,0.31516551714461444
2968,0.3110912720745127
2969,0.3143890540258864
2970,0.3160086152042802
2971,0.3190591399347905
2972,0.32054999827584163
2973,0.3165862029922814
2974,0.3128946033481132
2975,0.3186560502164371
2976,0.31946143020409035
2977,0.3149657782201365
2978,0.31606418572817013
2979,0.3149217125411587
2980,0.30916958241568776
2981,0.3021694809148374
2982,0.2973653115259589
2983,0.2981746275992082
2984,0.29803132288950573
2985,0.29728967478347457
2986,0.29813719932731325
2987,0.2999347902660499
2988,0.29369447045908764
2989,0.2928113365409662
2990,0.2903971162197752
2991,0.2903680765081532
2992,0.2903680765081532
2993,0.2903680765081532
2994,0.2903680765081532
2995,0.2903680765081532
2996,0.2903680765081532
2997,0.2903680765081532
2998,0.2903680765081532
2999,0.2903680765081532
3000,0.2903680765081532
3001,0.2903680765081532
3002,0.2903680765081532
3003,0.2903680765081532
3004,0.2903680765081532
3005,0.2903680765081532
3006,0.2903680765081532
3007,0.2903680765081532
3008,0.2903680765081532
3009,0.2903680765081532
3010,0.2903680765081532
3011,0.2903680765081532
3012,0.2903680765081532
3013,0.2903680765081532
3014,0.2903680765081532
3015,0.2903680765081532
3016,0.2903680765081532
3017,0.2903680765081532
3018,0.2903680765081532
3019,0.2903680765081532
3020,0.2903680765081532
3021,0.2903680765081532
3022,0.2903680765081532
3023,0.2903680765081532
3024,0.2903680765081532
3025,0.2903680765081532
3026,0.2903680765081532
3027,0.2903680765081532
3028,0.2903680765081532
3029,0.2903680765081532
3030,0.2903680765081532
3031,0.2903680765081532
3032,0.2903680765081532
3033,0.2903680765081532
3034,0.2903680765081532
3035,0.2903680765081532
3036,0.2903680765081532
3037,0.2903680765081532
3038,0.2903680765081532
3039,0.2903680765081532
3040,0.2903680765081532
3041,0.2903680765081532
3042,0.2903680765081532
3043,0.2903680765081532
3044,0.2903680765081532
3045,0.2903680765081532
3046,0.2903680765081532
3047,0.2903680765081532
3048,0.2903680765081532
3049,0.2903680765081532
3050,0.2903680765081532
3051,0.2903680765081532
3052,0.2903680765081532
3053,0.2903680765081532
3054,0.2903680765081532
3055,0.2903680765081532
3056,0.2903680765081532
3057,0.2903680765081532
3058,0.2903680765081532
3059,0.2903680765081532
3060,0.2903680765081532
3061,0.2903680765081532
3062,0.2903680765081532
3063,0.2903680765081532
3064,0.2903680765081532
3065,0.2905602132241565
3066,0.291946490677644
3067,0.2938062653772393
3068,0.29729268979684426
3069,0.29859116587350776
3070,0.2990232727929493
3071,0.29955087841039324
3072,0.30362804441983543
3073,0.3061187493981265
3074,0.30306669023244504
3075,0.3011464204336277
3076,0.30214410768787914
3077,0.3002678375185447
3078,0.29913949345411417
3079,0.296293584431487
3080,0.292427945277931
3081,0.2936693785523412
3082,0.29660645356907045
3083,0.29663383442117197
3084,0.30285283599527874
3085,0.30262150427994783
3086,0.3124414511892542
3087,0.3155867537090186
3088,0.3171582436469147
3089,0.31557945991364217
3090,0.30679064105592624
3091,0.30631508075455616
3092,0.3068614770112762
3093,0.31281781577812906
3094,0.30853135259890474
3095,0.3144680027762849
3096,0.31367891120125246
3097,0.3159583672548767
3098,0.30803456218320824
3099,0.30846312165509504
3100,0.30740465521778604
3101,0.3095096493734785
3102,0.30979212926871297
3103,0.30627369356197937
3104,0.30918784412100686
3105,0.31134302834340244
3106,0.31320657952722747
3107,0.31638256337724474
3108,0.3198850777823379
3109,0.3198153131169881
3110,0.3155026584022897
3111,0.31116318501379675
3112,0.31539158619681906
3113,0.31764025599459184
3114,0.31796450766311907
3115,0.3165854796101318
3116,0.3166854005652446
3117,0.31676392994365876
3118,0.31569899397001416
3119,0.3134998744598406
3120,0.32035896353943616
3121,0.32109201319881386
3122,0.3191527031337328
3123,0.3150240751958032
3124,0.31274624047178
3125,0.31500527767497377
3126,0.317403308055855
3127,0.31671100279193803
3128,0.316874818600627
3129,0.31590965701230433
3130,0.3124292095841062
3131,0.3165226416356122
3132,0.3177043170660208
3133,0.32567002718539195
3134,0.32321669458112734
3135,0.3227724693229609
3136,0.2882121257402295
3137,0.2875065979746935
3138,0.28354443813971203
3139,0.28086669533655684
3140,0.28114981131228883
3141,0.2821168472021502
3142,0.281850075847349
3143,0.2846926379176176
3144,0.2875330442866949
3145,0.28846264044958925
3146,0.28854022398121165
3147,0.28781144979386514
3148,0.28940174064065016
3149,0.29207542916581125
3150,0.29225249458844343
3151,0.2935705891280324
3152,0.2926200432141719
3153,0.28851858140888226
3154,0.2856450474945667
3155,0.28784081666136924
3156,0.28913035377863316
3157,0.2937648960931413
3158,0.29392973981777365
3159,0.2964825892922393
3160,0.30043116672314035
3161,0.3034337096077616
3162,0.30159278017385494
3163,0.30103665632782156
3164,0.30142757344130877
3165,0.2984704937828349
3166,0.2998894674103173
3167,0.3029760773631537
3168,0.3015226991511786
3169,0.3075294462730986
3170,0.30663668288982654
3171,0.306014970406318
3172,0.305286669506775
3173,0.30313203651601794
3174,0.3044013485797383
3175,0.30446231373453714
3176,0.30956281677247904
3177,0.3114485428018504
3178,0.31312767910656836
3179,0.3124347506236484
3180,0.3080472937203289
3181,0.30777170427230327
3182,0.3051658406971972
3183,0.30808440927180286
3184,0.30799063375728364
3185,0.3131639330397165
3186,0.3154751466115235
3187,0.31812209760717686
3188,0.3188567158619655
3189,0.3195227763146419
3190,0.32161696485184316
3191,0.3245981564093921
3192,0.3222998337071976
3193,0.32389036523915454
3194,0.3324920506099923
3195,0.33219397209370766
3196,0.3313461560014589
3197,0.32905960945626284
3198,0.3243273274974297
3199,0.32820622321745985
3200,0.3284063765202893
3201,0.32939184830206847
3202,0.3355249811242399
3203,0.3440504506415126
3204,0.34100694589501024
3205,0.3446220920786173
3206,0.3467787212916535
3207,0.34816719485612463
3208,0.34984234027979355
3209,0.3497669998738441
3210,0.3553773026779749
3211,0.3575755016632784
3212,0.3588185507688258
3213,0.363329840484817
3214,0.3666111917619074
3215,0.36831177570523743
3216,0.3695275681273321
3217,0.37608300828369345
3218,0.3780146349161625
3219,0.37768581745666885
3220,0.37447280882938067
3221,0.37319726994567753
3222,0.3693106446794936
3223,0.3697188025057908
3224,0.37068071718258433
3225,0.36316669693882875
3226,0.3632433924781307
3227,0.36561914608297846
3228,0.366238618812129
3229,0.3627687605694338
3230,0.36741054025593395
3231,0.36487049635076885
3232,0.3604254011207989
3233,0.35656026408517905
3234,0.35651752002176673
3235,0.3600479554038816
3236,0.36427788918888393
3237,0.3650512146479355
3238,0.36072778859988835
3239,0.35837387719089014
3240,0.355178000116878
3241,0.3551424823168663
3242,0.3551424823168663
3243,0.3551424823168663
3244,0.3551424823168663
3245,0.3551424823168663
3246,0.3551424823168663
3247,0.3551424823168663
3248,0.3551424823168663
3249,0.3551424823168663
3250,0.3551424823168663
3251,0.3551424823168663
3252,0.3551424823168663
3253,0.3551424823168663
3254,0.3551424823168663
3255,0.3551424823168663
3256,0.3551424823168663
3257,0.3551424823168663
3258,0.3551424823168663
3259,0.3551424823168663
3260,0.3551424823168663
3261,0.3551424823168663
3262,0.3551424823168663
3263,0.3551424823168663
3264,0.3551424823168663
3265,0.3551424823168663
3266,0.3551424823168663
3267,0.3551424823168663
3268,0.3551424823168663
3269,0.3551424823168663
3270,0.3551424823168663
3271,0.3551424823168663
3272,0.3551424823168663
3273,0.3551424823168663
3274,0.3551424823168663
3275,0.3551424823168663
3276,0.3551424823168663
3277,0.3551424823168663
3278,0.3551424823168663
3279,0.3551424823168663
3280,0.3551424823168663
3281,0.3551424823168663
3282,0.3551424823168663
3283,0.3551424823168663
3284,0.3551424823168663
3285,0.3551424823168663
3286,0.3551424823168663
3287,0.3551424823168663
3288,0.3551424823168663
3289,0.3551424823168663
3290,0.3551424823168663
3291,0.3551424823168663
3292,0.3551424823168663
3293,0.3551424823168663
3294,0.3551424823168663
3295,0.3551424823168663
3296,0.3551424823168663
3297,0.3551424823168663
3298,0.3551424823168663
3299,0.3551424823168663
3300,0.3551424823168663
3301,0.3551424823168663
3302,0.3551424823168663
3303,0.3551424823168663
3304,0.3551424823168663
3305,0.3551424823168663
3306,0.3551424823168663
3307,0.3551424823168663
3308,0.3551424823168663
3309,0.3551424823168663
3310,0.3551424823168663
3311,0.3551424823168663
3312,0.3551424823168663
3313,0.3551424823168663
3314,0.3551424823168663
3315,0.3551424823168663
3316,0.3551424823168663
3317,0.3551424823168663
3318,0.3551424823168663
3319,0.3551424823168663
3320,0.3551424823168663
3321,0.3551424823168663
3322,0.3551424823168663
3323,0.3551424823168663
3324,0.3551424823168663
3325,0.3551424823168663
3326,0.3551424823168663
3327,0.3551424823168663
3328,0.3551424823168663
3329,0.3551424823168663
3330,0.3551424823168663
3331,0.3551424823168663
3332,0.3551424823168663
3333,0.3551424823168663
3334,0.3551424823168663
3335,0.3551424823168663
3336,0.3551424823168663
3337,0.3551424823168663
3338,0.3551424823168663
3339,0.3551424823168663
3340,0.3551424823168663
3341,0.3551424823168663
3342,0.3551424823168663
3343,0.3551424823168663
3344,0.3551424823168663
3345,0.3551424823168663
3346,0.3551424823168663
3347,0.3551424823168663
3348,0.3551424823168663
3349,0.3551424823168663
3350,0.3551424823168663
3351,0.3551424823168663
3352,0.3551424823168663
3353,0.3551424823168663
3354,0.3551424823168663
3355,0.3551424823168663
3356,0.3551424823168663
3357,0.3551424823168663
3358,0.3551424823168663
3359,0.3551424823168663
3360,0.3551424823168663
3361,0.35872354941395934
3362,0.3601892753916223
3363,0.36130971256934497
3364,0.35736254651314303
3365,0.3568828778423068
3366,0.35767003471934933
3367,0.35623859539749314
3368,0.3565864851006052
3369,0.3536556169674783
3370,0.3591236902366822
3371,0.36693607938329104
3372,0.36550947441495724
3373,0.36697575594047477
3374,0.3661174534336451
3375,0.37077032597407467
3376,0.3723866783583105
3377,0.37267476942076644
3378,0.37788455640841523
3379,0.37836147287402866
3380,0.3745953252684351
3381,0.37713440490041583
3382,0.3744512745638672
3383,0.3764595126407457
3384,0.3769478529125745
3385,0.3810978963630025
3386,0.38103314255605053
3387,0.38495139114141774
3388,0.38141710581396066
3389,0.38374872997717324
3390,0.3828897252742645
3391,0.3836340882775288
3392,0.3839094427057459
3393,0.38752083291399836
3394,0.37977291602731494
3395,0.3810018771847689
3396,0.37535014701770697
3397,0.37990737919325157
3398,0.37248622307441587
3399,0.36876597703276004
3400,0.3626446548704692
3401,0.36863824731937833
3402,0.3639169995342059
3403,0.3643317899878558
3404,0.36238494719850317
3405,0.35592121950396305
3406,0.38652518182265316
3407,0.38909532768022637
3408,0.38837900843718415
3409,0.39205121769574197
3410,0.3906348518759652
3411,0.3906616443327119
3412,0.389161271751721
3413,0.39050060599671194
3414,0.3979867204905775
3415,0.39943100424557354
3416,0.4002084185014765
3417,0.397741107937536
3418,0.3947475739207164
3419,0.4005694662453069
3420,0.3961388637214831
3421,0.39253801941240457
3422,0.3921556728963556
3423,0.39048743082390514
3424,0.39820130620394373
3425,0.3888895431899848
3426,0.390297384882885
3427,0.393089011433395
3428,0.38870905865776534
3429,0.38621158668839867
3430,0.38788599571716564
3431,0.3942584276310114
3432,0.3906458785887756
3433,0.3845251689256394
3434,0.38828280051946124
3435,0.3942445389618137
3436,0.3929259053620942
3437,0.38432294062700756
3438,0.3857940563099384
3439,0.3850288976566704
3440,0.38938063957294555
3441,0.3892113664044939
3442,0.3877520500009304
3443,0.38600370276947077
3444,0.3917333631339006
3445,0.39739308328435385
3446,0.3889875853560427
3447,0.3853626654379437
3448,0.39227207476959913
3449,0.3908339278437431
3450,0.3855527422230227
3451,0.38556996038017394
3452,0.3851523568757382
3453,0.3847776126050669
3454,0.3829367794965236
3455,0.3981661069733147
3456,0.39635496850907903
3457,0.39768063610699333
3458,0.3944616258413088
3459,0.39332074327955635
3460,0.3927544787802808
3461,0.3979164623958514
3462,0.3994051044185946
3463,0.39896719613735626
3464,0.40111215561833996
3465,0.402744457728381
3466,0.4071495690496573
3467,0.4092170670663349
3468,0.4166242966994985
3469,0.4222641301198637
3470,0.422091031365042
3471,0.42034504448447535
3472,0.4240712425603169
3473,0.4262677868245064
3474,0.42586486033812226
3475,0.4196212637060991
3476,0.41200225100929566
3477,0.413439585444815
3478,0.4166388673785395
3479,0.4199997751549396
3480,0.4146283008552168
3481,0.41895180805065835
3482,0.41671991254259233
3483,0.41834168999576
3484,0.42008852065341196
3485,0.41673085767177703
3486,0.4142738952000734
3487,0.40577418498611634
3488,0.402071287422841
3489,0.3948887123045994
3490,0.39661956850173
3491,0.3968632348277129
3492,0.4005074008523155
3493,0.40193792757590924
3494,0.3993946758392579
3495,0.40077978070402437
3496,0.39921808639647716
3497,0.4016569904986999
3498,0.4029257076057642
3499,0.3989621157134286
3500,0.3989708893046478
3501,0.39919171713391066
3502,0.3979652484567573
3503,0.4015426489566679
3504,0.4084805340106558
3505,0.4069811718954742
3506,0.4055563948952029
3507,0.39654094707885906
3508,0.39603005823022724
3509,0.39430640549903173
3510,0.39426697485848183
3511,0.39426697485848183
3512,0.39426697485848183
3513,0.39426697485848183
3514,0.39426697485848183
3515,0.39426697485848183
3516,0.39426697485848183
3517,0.39426697485848183
3518,0.39426697485848183
3519,0.39426697485848183
3520,0.39426697485848183
3521,0.39426697485848183
3522,0.39426697485848183
3523,0.39426697485848183
3524,0.39426697485848183
3525,0.39426697485848183
3526,0.39426697485848183
3527,0.39426697485848183
3528,0.39426697485848183
3529,0.39426697485848183
3530,0.39426697485848183
3531,0.39426697485848183
3532,0.39426697485848183
3533,0.39426697485848183
3534,0.39426697485848183
3535,0.39426697485848183
3536,0.39426697485848183
3537,0.39426697485848183
3538,0.39426697485848183
3539,0.39426697485848183
3540,0.39426697485848183
3541,0.39426697485848183
3542,0.39426697485848183
3543,0.39426697485848183
3544,0.39426697485848183
3545,0.39426697485848183
3546,0.39426697485848183
3547,0.39426697485848183
3548,0.39426697485848183
3549,0.39426697485848183
3550,0.39426697485848183
3551,0.39426697485848183
3552,0.39426697485848183
3553,0.39426697485848183
3554,0.39426697485848183
3555,0.39426697485848183
3556,0.39426697485848183
3557,0.39426697485848183
3558,0.39426697485848183
3559,0.39426697485848183
3560,0.39426697485848183
3561,0.39426697485848183
3562,0.39426697485848183
3563,0.39426697485848183
3564,0.39426697485848183
3565,0.39426697485848183
3566,0.39426697485848183
3567,0.39426697485848183
3568,0.39426697485848183
3569,0.39426697485848183
3570,0.39426697485848183
3571,0.39426697485848183
3572,0.39426697485848183
3573,0.39426697485848183
3574,0.39426697485848183
3575,0.39426697485848183
3576,0.39426697485848183
3577,0.39426697485848183
3578,0.39426697485848183
3579,0.39426697485848183
3580,0.39426697485848183
3581,0.39426697485848183
3582,0.39426697485848183
3583,0.39426697485848183
3584,0.39426697485848183
3585,0.39426697485848183
3586,0.39426697485848183
3587,0.39426697485848183
3588,0.39426697485848183
3589,0.39426697485848183
3590,0.39426697485848183
3591,0.39426697485848183
3592,0.39426697485848183
3593,0.39426697485848183
3594,0.39426697485848183
3595,0.39426697485848183
3596,0.39426697485848183
3597,0.39426697485848183
3598,0.39426697485848183
3599,0.39426697485848183
3600,0.39426697485848183
3601,0.39426697485848183
3602,0.39426697485848183
3603,0.39426697485848183
3604,0.39426697485848183
3605,0.39426697485848183
3606,0.39426697485848183
3607,0.39426697485848183
3608,0.39426697485848183
3609,0.39426697485848183
3610,0.39426697485848183
3611,0.39426697485848183
3612,0.39426697485848183
3613,0.39426697485848183
3614,0.39426697485848183
3615,0.39426697485848183
3616,0.39426697485848183
3617,0.39426697485848183
3618,0.39426697485848183
3619,0.39426697485848183
3620,0.39426697485848183
3621,0.39426697485848183
3622,0.39426697485848183
3623,0.39426697485848183
3624,0.39426697485848183
3625,0.39426697485848183
3626,0.39426697485848183
3627,0.39426697485848183
3628,0.39426697485848183
3629,0.39426697485848183
3630,0.39426697485848183
3631,0.39426697485848183
3632,0.39426697485848183
3633,0.39426697485848183
3634,0.39426697485848183
3635,0.39426697485848183
3636,0.39426697485848183
3637,0.39426697485848183
3638,0.39426697485848183
3639,0.39426697485848183
3640,0.39426697485848183
3641,0.39426697485848183
3642,0.39426697485848183
3643,0.39426697485848183
3644,0.39426697485848183
3645,0.3837020188970874
3646,0.3869188963654931
3647,0.3858600358744566
3648,0.3862265646317719
3649,0.38513236902863457
3650,0.37981174448681443
3651,0.37777145148154734
3652,0.3802674174187079
3653,0.38569558991987624
3654,0.3833004738367922
3655,0.3798511607447275
3656,0.38540592003111357
3657,0.38201941184483984
3658,0.39002380794521624
3659,0.39022139974505027
3660,0.38678933056838766
3661,0.39061544345006577
3662,0.3972862462149969
3663,0.39162688719071953
3664,0.3977800399305214
3665,0.39666223976206694
3666,0.4026019806097072
3667,0.4010731334730363
3668,0.3947970584635438
3669,0.39678379205797276
3670,0.4004773893789867
3671,0.40895983059551133
3672,0.416069750141948
3673,0.41897252099114746
3674,0.4179777754892501
3675,0.4158072227975313
3676,0.41458292573939654
3677,0.4111522954478637
3678,0.410025016663336
3679,0.3997234367500253
3680,0.4004390541452303
3681,0.40032320346848904
3682,0.4107279090161693
3683,0.41385612253452425
3684,0.41187346605698305
3685,0.4142060373839175
3686,0.4091598306507542
3687,0.40670127366764003
3688,0.3991762295661823
3689,0.40495080586070464
3690,0.4073606831641757
3691,0.4025998536320884
3692,0.4023564043566052
3693,0.40619606259106894
3694,0.4082121609744945
3695,0.4097756488511241
3696,0.4062754550082236
3697,0.4036947161130884
3698,0.40407902392761386
3699,0.40781474615192037
3700,0.4044484749856375
3701,0.3999383253246706
3702,0.40454001157421005
3703,0.40079397788122495
3704,0.40513451243849874
3705,0.40612040921817094
3706,0.4097143310425494
3707,0.41692400593738393
3708,0.4198051187624405
3709,0.42307561400652405
3710,0.41921024341617447
3711,0.4163060602585671
3712,0.4189954986388886
3713,0.42547355046532037
3714,0.4314379958404247
3715,0.44154964510869144
3716,0.44292451828148005
3717,0.44382360856099634
3718,0.4483119127732943
3719,0.4483967131908518
3720,0.4481166945758054
3721,0.443447770613053
3722,0.44786517115334595
3723,0.44308970865758135
3724,0.44536530391295387
3725,0.43908943234178216
3726,0.44392981551658334
3727,0.43938604425952915
3728,0.44310786160639676
3729,0.43612106012476437
3730,0.43420714168471447
3731,0.4393538651174181
3732,0.43582975767977095
3733,0.4361226945024115
3734,0.43404113174159953
3735,0.42413211566270953
3736,0.4254407077348625
3737,0.4272836917124393
3738,0.4225764822955881
3739,0.42500771281775446
3740,0.42163936591251905
3741,0.4174298043297115
3742,0.41745841407078993
3743,0.41462345992213434
3744,0.4242382122959482
3745,0.417692661536157
3746,0.4207884876185704
3747,0.42497033895705577
3748,0.41664171863032035
3749,0.4520058504598687
3750,0.4545550517184321
3751,0.45237157671704076
3752,0.4541100379551241
3753,0.4593139732127317
3754,0.45760782118074916
3755,0.4527648404774465
3756,0.44057401861520623
3757,0.4414763545130183
3758,0.43739571210615596
3759,0.43876859601533735
3760,0.43978606013609584
3761,0.43373931794373943
3762,0.4412812655845688
3763,0.44608746628575846
3764,0.44988759350336555
3765,0.44459023164802264
3766,0.44278252148648856
3767,0.44036742361485565
3768,0.43854473605870303
3769,0.43364262487824495
3770,0.4355315416583298
3771,0.4365310711622764
3772,0.4381289516008373
3773,0.43591783742139967
3774,0.441582100967371
3775,0.44241191238138927
3776,0.4304637756910821
3777,0.4277171178424942
3778,0.42747338027882864
3779,0.4316198728367132
3780,0.43032385979621457
3781,0.4292490264819863
3782,0.42641330233288144
3783,0.42637066100264814
3784,0.42637066100264814
3785,0.42637066100264814
3786,0.42637066100264814
3787,0.42637066100264814
3788,0.42637066100264814
3789,0.42637066100264814
3790,0.42637066100264814
3791,0.42637066100264814
3792,0.42637066100264814
3793,0.42637066100264814
3794,0.42637066100264814
3795,0.42637066100264814
3796,0.42637066100264814
3797,0.42637066100264814
3798,0.42637066100264814
3799,0.42637066100264814
3800,0.42637066100264814
3801,0.42637066100264814
3802,0.42637066100264814
3803,0.42637066100264814
3804,0.42637066100264814
3805,0.42637066100264814
3806,0.42637066100264814
3807,0.42637066100264814
3808,0.42637066100264814
3809,0.42637066100264814
3810,0.42637066100264814
3811,0.42637066100264814
3812,0.42637066100264814
3813,0.42637066100264814
3814,0.42637066100264814
3815,0.42637066100264814
3816,0.42637066100264814
3817,0.42637066100264814
3818,0.42637066100264814
3819,0.42637066100264814
3820,0.42637066100264814
3821,0.42637066100264814
3822,0.42637066100264814
3823,0.42637066100264814
3824,0.42637066100264814
3825,0.42637066100264814
3826,0.42637066100264814
3827,0.42637066100264814
3828,0.42637066100264814
3829,0.42637066100264814
3830,0.42637066100264814
3831,0.42637066100264814
3832,0.42637066100264814
3833,0.42637066100264814
3834,0.42637066100264814
3835,0.42637066100264814
3836,0.42637066100264814
3837,0.42637066100264814
3838,0.42637066100264814
3839,0.42637066100264814
3840,0.42637066100264814
3841,0.43146079939606136
3842,0.4344345144420197
3843,0.43466467073665405
3844,0.4320646244415523
3845,0.4313727025119501
3846,0.4340244269129006
3847,0.43063005756311934
3848,0.43466718075555466
3849,0.43041053091614356
3850,0.42282020322936703
3851,0.4185624268814471
3852,0.41164949239827536
3853,0.406038865579432
3854,0.41066188724054214
3855,0.409840761759907
3856,0.4107375725638886
3857,0.41552203134722604
3858,0.42078695202962135
3859,0.4186690272943022
3860,0.4242684294365249
3861,0.4259032981262082
3862,0.42591746636545724
3863,0.427804611336306
3864,0.4217489828071687
3865,0.4184466061994578
3866,0.4179943323996029
3867,0.42055066088829635
3868,0.41898898860431644
3869,0.4184558764755353
3870,0.42253225951132906
3871,0.4285394563624869
3872,0.43183956608527774
3873,0.437352001013566
3874,0.4355870958548034
3875,0.43425434723890394
3876,0.43563901466323335
3877,0.43432939883282523
3878,0.43213236141364664
3879,0.43933111488979776
3880,0.43844815296357104
3881,0.43423307376781806
3882,0.4363546812709113
3883,0.444439238978998
3884,0.4447985316747372
3885,0.45030952127180573
3886,0.4483421616436067
3887,0.4461447957917074
3888,0.4430777856658242
3889,0.44244282119974887
3890,0.4297673830714642
3891,0.44835289231891756
3892,0.45575392090219674
3893,0.451180978120183
3894,0.45012729770019366
3895,0.4539051887787049
3896,0.4567750321919557
3897,0.45806509387414773
3898,0.4505718888228516
3899,0.45220697359209483
3900,0.44760732178534396
3901,0.4592549146218866
3902,0.45827577883723314
3903,0.459141452867773
3904,0.4539065431968387
3905,0.45173807135516897
3906,0.4459434285239192
3907,0.45034206094598
3908,0.4491638328880184
3909,0.4516982250745563
3910,0.44861651722405615
3911,0.4463739332876694
3912,0.4521612313069893
3913,0.44778888830195634
3914,0.43979444605016504
3915,0.4415847016177656
3916,0.43657340098928316
3917,0.4346590172210037
3918,0.4386394113320341
3919,0.4350633813888075
3920,0.4389020316133574
3921,0.4359222802494553
3922,0.44246915653059743
3923,0.44837134728408456
3924,0.44626271922305705
3925,0.44531217521889654
3926,0.441622832763579
3927,0.4425069710373766
3928,0.447621461398679
3929,0.4411920882256164
3930,0.44525842291755824
3931,0.4394023343945089
3932,0.435640894087947
3933,0.42792212536773006
3934,0.4278793331551933
3935,0.4278793331551933
3936,0.4278793331551933
3937,0.4278793331551933
3938,0.4278793331551933
3939,0.4278793331551933
3940,0.4278793331551933
3941,0.4278793331551933
3942,0.4278793331551933
3943,0.4278793331551933
3944,0.4278793331551933
3945,0.4278793331551933
3946,0.4278793331551933
3947,0.4278793331551933
3948,0.4278793331551933
3949,0.4278793331551933
3950,0.4278793331551933
3951,0.4278793331551933
3952,0.4278793331551933
3953,0.4278793331551933
3954,0.4278793331551933
3955,0.4267951504362036
3956,0.4164789966226676
3957,0.41947052180760536
3958,0.42265063272453696
3959,0.4187930277240121
3960,0.41050706785406815
3961,0.40584652701364965
3962,0.4096228930758394
3963,0.40528444282006204
3964,0.4034263313997176
3965,0.40431643958032204
3966,0.40929718974566587
3967,0.40922287963228077
3968,0.40881227785367363
3969,0.4065746602606951
3970,0.41325883099266064
3971,0.4176875269502216
3972,0.41729039726531136
3973,0.41150311290925234
3974,0.40826386354272703
3975,0.4106365456603419
3976,0.4076845564508325
3977,0.41133849278136203
3978,0.4128280012252765
3979,0.41403791767317455
3980,0.41675228560702227
3981,0.4188353504974017
3982,0.4152688363996883
3983,0.4139179677879061
3984,0.423717080531934
3985,0.4186299702738949
3986,0.4166480890287126
3987,0.42111204281467424
3988,0.42044191130179354
3989,0.41704123729971726
3990,0.4115594040460109
3991,0.41377140053929656
3992,0.4180130170782185
3993,0.42390590524977406
3994,0.42413397925400775
3995,0.4285893662761292
3996,0.42418507686416146
3997,0.424898397538576
3998,0.4220299174272704
3999,0.4227642073730264
