,close
0,100.00123016092391
1,100.30042606816971
2,100.02584117375997
3,99.13897423972712
4,98.68924146367229
5,97.7154293676726
6,97.77421662380266
7,99.09342193054518
8,98.60687603593607
9,97.9969393295441
10,98.47814716323813
11,98.83023077296852
12,98.93446684870655
13,98.0181827257158
14,97.98951481407087
15,98.67321317465027
16,97.35570837289497
17,96.91121112752691
18,95.08611766537084
19,93.86781838986253
20,92.15484452887414
21,91.93845112304703
22,90.7805339502349
23,91.02712348714363
24,91.16992138171926
25,90.99965577559516
26,88.73799279178336
27,88.2612527639042
28,88.21845560124407
29,88.31847169166174
30,86.97736570609516
31,86.56281953447889
32,85.7199165397864
33,85.0293783628534
34,85.93625588718035
35,85.2450852992935
36,85.21736665170461
37,85.97436287255682
38,85.47407737288708
39,85.37865446661768
40,85.47301937589084
41,85.52755297355749
42,84.48618439954303
43,84.55053687093263
44,85.70727055502503
45,84.39146007234194
46,85.11983093417341
47,85.22148553141895
48,84.6765645542386
49,80.8459128889837
50,81.46452342594387
51,80.49336358353199
52,80.55336655568527
53,81.0192514936983
54,80.86644590898206
55,81.42058114042293
56,81.3664403602925
57,81.91117127978312
58,83.09799790204269
59,82.5384286268415
60,82.70626645779458
61,82.32396835091859
62,82.42880745687823
63,81.45600313104954
64,80.98549136138676
65,80.82675685505211
66,81.55647284444126
67,82.49584419690376
68,81.41118250432727
69,80.76681834353249
70,81.29099528699818
71,79.68736597749336
72,79.31913154587072
73,79.24200192592298
74,80.24437253420199
75,80.79949167632093
76,80.53553697919135
77,80.23924876259223
78,80.03874478323763
79,81.26749500980864
80,80.92039323197915
81,80.67502662125204
82,80.95998000718149
83,80.86226329731468
84,80.70289206429712
85,79.80879731564336
86,79.79960270025622
87,79.44641057277877
88,80.37828006813584
89,80.9049392773605
90,80.88540825975699
91,81.42784172095968
92,81.1515630398347
93,82.00988743564436
94,82.00545938156435
95,82.48526294494073
96,81.42730947360101
97,81.71009160127083
98,80.34223704578599
99,78.72353705425947
100,78.48420662441778
101,77.78107416831931
102,77.90878091963359
103,79.67741999690313
104,79.01747269617125
105,78.52598314637135
106,78.68744438154619
107,79.07634181131101
108,78.9369693145716
109,78.77458141332781
110,79.32989180720901
111,79.74340799282169
112,78.92336525023607
113,78.86089742362313
114,78.88872985945603
115,78.06123092676839
116,78.26432827607688
117,77.59572665900286
118,78.3536868556046
119,78.50485602378986
120,78.57499726754085
121,78.11196642507518
122,78.01937288264507
123,76.47620932212591
124,75.6158281630107
125,75.89069083610441
126,74.29237753473058
127,74.92401310133538
128,73.62712297580933
129,74.18640123178662
130,73.56180161704374
131,74.137079264801
132,74.23422625906493
133,73.10209054369479
134,74.02097154058876
135,75.09586698797116
136,75.04646647905156
137,74.8411832760771
138,74.72163253361127
139,73.99652400069726
140,74.81392170662289
141,74.40886347096864
142,74.3707830142817
143,73.78313623976669
144,73.32264288829208
145,72.39174088749792
146,73.30749904610371
147,73.19462828208852
148,73.9050565871067
149,73.91490479409782
150,73.40341504446076
151,73.16400817357052
152,72.75526669937584
153,72.76105759366314
154,72.48852116157694
155,72.27143804747607
156,71.28195832772603
157,70.70913675116705
158,71.88843279601045
159,71.40750962017222
160,70.65876068822149
161,70.89751375638275
162,71.90228813067426
163,70.86437542481735
164,70.71676167637513
165,70.27120414033122
166,69.04454708601733
167,69.55384308768403
168,69.53753885260926
169,69.58723550282924
170,69.06568704108838
171,69.38050216988417
172,69.00734208626143
173,68.90879880784502
174,68.14932585224697
175,67.32557897575504
176,68.23076459652128
177,67.8856389929858
178,68.08393712447412
179,68.06093515256504
180,67.76134889324157
181,67.41802041345414
182,67.84415070015869
183,67.63965998851361
184,67.53730154705873
185,71.16880613100433
186,72.01105792260817
187,72.5027722621568
188,72.78069939889508
189,72.37168183277464
190,71.37840700961225
191,72.05939432162658
192,72.7591863863389
193,72.65688009361241
194,73.05166465750229
195,73.62475809982286
196,74.23926595146347
197,74.92645524131632
198,74.58585359603434
199,75.72441177510659
200,74.78629590666188
201,75.43353136042819
202,75.8070434588221
203,76.47220955845934
204,77.92271359750931
205,79.0880618727114
206,78.18752983578489
207,76.8782847767551
208,77.50886714647771
209,76.72612172333638
210,76.71660414010124
211,77.36352693729874
212,76.10222237717392
213,74.51330226040056
214,74.70676523858901
215,74.73993186104717
216,74.55644441425848
217,74.58518010024777
218,73.94611654898311
219,72.83537293462857
220,72.7140903422087
221,72.0109430112917
222,70.83712874272659
223,71.19624592284055
224,71.15254582136014
225,71.44238997508627
226,70.73909857410004
227,70.27512201029312
228,69.57653868834372
229,68.96237072530987
230,69.09726040761235
231,68.5583588822203
232,68.80290720506531
233,69.03706671931694
234,70.4494315209832
235,69.47502104883476
236,70.09463813944195
237,70.03193993423501
238,70.02211533125549
239,69.01421426607413
240,68.69734478820416
241,69.20980350554134
242,69.15274392047668
243,69.20881796384498
244,69.00790856564512
245,69.80927023871078
246,69.79428200559299
247,74.06926325060238
248,73.5584199533873
249,72.1243673877627
250,69.81700254542862
251,69.44787117366641
252,70.38020288409535
253,70.4133737840636
254,69.59256636751327
255,68.94097873441518
256,69.72485752957247
257,69.83484913341742
258,69.86837737735515
259,69.83103447595806
260,69.85785492507539
261,70.4227658921815
262,70.81297616070371
263,70.96588793816537
264,70.22965280238506
265,65.22824167918598
266,64.7834428384391
267,65.91224833093524
268,65.07977196343279
269,64.99027014666183
270,64.98548815246153
271,64.1303371393172
272,65.24420609026939
273,66.20402848779382
274,65.89782765923263
275,66.40834248475194
276,66.66029172066845
277,64.94065510565432
278,65.10346897407582
279,65.06354409712036
280,65.11771079151356
281,64.4202366976865
282,64.24695616073646
283,64.1325323467111
284,64.8990316051969
285,65.11643485384077
286,65.11281771668521
287,66.11602297446215
288,65.74993242131107
289,65.49438018092859
290,64.3152511217369
291,65.33238456843655
292,65.96545343781008
293,66.57303746266076
294,67.01983612474909
295,67.09369819924304
296,67.23843358611855
297,67.06920162969276
298,66.93278736677905
299,66.9691441583719
300,67.98929548717526
301,68.36815544128908
302,68.32819901206642
303,67.93345551926618
304,67.5034458267084
305,68.59404311970958
306,68.94248243106759
307,68.98906919590138
308,68.75065447760737
309,67.99238557436463
310,67.9469400009108
311,68.54316459105011
312,68.27463452493815
313,68.11966163080223
314,67.96926005931692
315,68.04379137391365
316,66.96843439273316
317,66.81097720036277
318,66.24257884826386
319,66.83115015485645
320,66.31812940049247
321,66.70192227625155
322,67.72654135701991
323,67.51448612784807
324,67.10955422084078
325,67.23814660095404
326,67.23678233423642
327,66.57201476239017
328,66.87956634184731
329,68.24121072370511
330,68.0652990952826
331,67.927350785095
332,67.2212516965279
333,67.43608952683859
334,66.60039878478
335,65.86724355572093
336,66.71554123219721
337,66.11418990845078
338,66.8330001555379
339,67.85957883119673
340,68.0357850489603
341,68.41333292953155
342,69.76205525331261
343,69.6249483850594
344,69.21329018984846
345,68.282983244042
346,68.31146802239827
347,69.32940295067009
348,69.99788694046084
349,69.34153952858269
350,68.75093859719911
351,68.40518846362058
352,68.60540744183115
353,68.46469719727534
354,68.61167999051843
355,68.81558023953518
356,68.6102842999965
357,68.5827263803701
358,68.72455952294354
359,68.66687593581554
360,69.01349991317758
361,70.31681040861993
362,70.73430093269072
363,70.77378915080969
364,69.59046328516662
365,69.8609688020496
366,68.51415203150833
367,67.55553376471464
368,68.1353640729191
369,68.61826309633837
370,68.51545465420239
371,67.35379334589052
372,67.10413986237785
373,66.65022055676954
374,67.0760307459363
375,68.60765164893571
376,68.75664410903892
377,68.22289840139352
378,67.42896995617991
379,67.3911567669633
380,67.27211904506945
381,66.50191076396736
382,66.57933425338337
383,65.81745638064466
384,66.55350232328907
385,67.26450456303024
386,67.99812893349929
387,67.67654631746454
388,68.02565340853405
389,67.93587156492354
390,67.67224154703216
391,67.44312282144831
392,66.57222610208595
393,65.61791991708871
394,66.14120828757555
395,66.01484374613081
396,66.15787099085327
397,66.82391158693818
398,65.67574304179409
399,65.1627735916326
400,65.27712685997331
401,65.5335775075337
402,65.2869324403286
403,65.96232151121934
404,66.10124899416179
405,65.30403465463296
406,64.69902831348242
407,65.22226469288553
408,65.52548875380417
409,66.37419397271692
410,67.274782189252
411,67.6783089688318
412,68.59359473603658
413,68.3309048027582
414,68.12914452203452
415,67.36600523465057
416,69.09689625206167
417,68.9757691203709
418,70.07952037734631
419,69.62736589162729
420,69.74153770278244
421,68.58559760342966
422,68.3235079292105
423,68.99896074479858
424,68.1406536310208
425,68.87520749553222
426,69.1078728382039
427,68.39017329408401
428,68.04798896199976
429,67.73631993110575
430,67.70278565758963
431,67.34077258031874
432,66.78596859383298
433,66.58285623115921
434,65.9026223165419
435,65.05824641626234
436,65.0269111902689
437,65.603558819846
438,64.6078698537422
439,64.61013643543164
440,64.19156060450757
441,63.56737028916285
442,64.11219974500047
443,63.78084897992373
444,64.7436735096941
445,64.24074044170874
446,64.48951262928053
447,64.3431053685
448,63.85976884276167
449,64.23616166657817
450,64.13668391688267
451,64.52473237844077
452,64.49422487426912
453,63.797724298177336
454,63.732639665161116
455,63.76576066942818
456,64.37987016745944
457,63.799051223537894
458,63.77396408399672
459,62.68525379532838
460,63.09497708385804
461,62.41629219454058
462,61.29895153406062
463,61.26266298104511
464,61.94379367147186
465,61.006654641619605
466,60.34647851798201
467,59.89960111662015
468,59.2268436695455
469,59.45199370270099
470,58.97393012182208
471,58.5499558829114
472,58.89247894307205
473,58.44921422149891
474,58.70271895129194
475,58.13525006037693
476,57.43482394739431
477,56.39025249424269
478,57.44961732829529
479,57.265924044049285
480,57.40578525598718
481,57.38796380841779
482,57.47983606428373
483,57.50840286750593
484,58.616325172394845
485,58.01049708732716
486,57.11400496188175
487,56.53894884204935
488,55.789332127076264
489,56.2076175391893
490,56.67062921221808
491,56.1284558179321
492,55.35342631759488
493,55.157382198259484
494,55.930051646317956
495,54.37508964575364
496,54.66219875667521
497,54.07731887448652
498,54.64285827586782
499,54.05701298041481
500,53.902945680466715
501,53.09710124450382
502,52.58073288891777
503,53.31448987994221
504,53.7537771041083
505,53.53829834538353
506,53.07444395897603
507,52.07877414258558
508,51.874165544664365
509,51.8581372170239
510,51.81456650690678
511,51.76599140932865
512,51.18852065135222
513,51.15460726895476
514,51.134827878461856
515,51.79903131501683
516,52.77506277154167
517,52.702816222815876
518,52.30049488063084
519,52.26651994519522
520,51.9499003483311
521,51.5656349441331
522,51.53540048804264
523,48.779711171862964
524,49.07626610634265
525,49.02529472308239
526,49.14801537434261
527,49.05818616918069
528,48.70270253059927
529,48.243201986763324
530,48.12886814176195
531,47.86547935012714
532,47.977568382241394
533,47.975442205922505
534,47.32630120460325
535,47.35807789621429
536,46.726375944296855
537,46.43920437510265
538,46.3027098877111
539,45.351704236561815
540,45.39322341734383
541,45.461811391783904
542,45.3900274639403
543,45.19783777281564
544,45.02929203916789
545,44.59170332071534
546,44.47160136250376
547,44.22652383152521
548,44.267091688129604
549,43.73725205838506
550,43.84041408265828
551,43.9032468220405
552,43.84114011280093
553,43.64900994226784
554,43.890767885000024
555,43.1662086568924
556,43.36542720785648
557,43.4709496209036
558,43.5943106917321
559,43.76173384622101
560,43.476620549389544
561,43.36396229914631
562,43.64109785400957
563,43.82943879184777
564,43.920133543371875
565,43.2600525533852
566,43.493369730946625
567,44.004997913874845
568,44.45155441655231
569,44.55563851215114
570,43.8669823138325
571,44.28240296824664
572,44.21724306388955
573,43.11149345700224
574,43.27442029477476
575,42.63348542287568
576,42.08433501303551
577,41.81796335578387
578,42.35353566326506
579,42.19676042045238
580,42.31126517053586
581,43.05735423314829
582,43.74920074490206
583,43.704007809779014
584,43.59858080886891
585,43.05231022638043
586,42.75436572911868
587,42.93661231847512
588,43.10686234518186
589,43.154408790110665
590,43.585852008137174
591,43.25050555050014
592,43.22625897098007
593,43.5435064702976
594,43.79860843923032
595,44.27018846209173
596,44.446299511472446
597,44.308994047757935
598,44.89449414975037
599,44.446632976833854
600,43.72388923811687
601,43.978520093726075
602,43.95427687588639
603,44.09004535090174
604,43.34785340895147
605,43.18987289674202
606,42.93157086784352
607,42.56214962215801
608,40.72053586002786
609,40.584401649551694
610,40.950205960356875
611,41.106522905073085
612,40.860235418668566
613,40.85415751371636
614,41.16451472105956
615,40.04374227233763
616,39.993904218236594
617,40.2117422775041
618,40.48697573817942
619,41.18143869583899
620,41.6515296630315
621,41.7819205354099
622,41.90828260586375
623,42.23937895121424
624,42.01218379124177
625,41.99530330393386
626,42.37761081535092
627,43.21530124886886
628,43.14652818394723
629,43.125650019879544
630,43.211330895267075
631,43.795662685796806
632,43.78238878558845
633,44.43045884971246
634,44.00303778904426
635,45.95749022324015
636,45.86650866737518
637,46.22867374107219
638,46.71441797392116
639,46.01458491031002
640,45.59541819283016
641,45.7492664646039
642,45.44890925626936
643,41.446137150066626
644,41.87878959982412
645,42.08617006910763
646,42.29424225003131
647,42.09363335803666
648,42.52898685639408
649,42.42705664582799
650,42.894801435780245
651,42.50552163983527
652,42.14401299683101
653,42.23035461152712
654,41.93479637098957
655,42.219004161569
656,42.328953537532435
657,41.94006689613246
658,41.97063791443858
659,41.82346307538125
660,42.20825541829093
661,41.94210848710076
662,41.75831391451657
663,42.267181599014776
664,43.22404208089502
665,44.096788502896416
666,44.1246766355633
667,44.22135131731744
668,44.904693453682526
669,44.848851136233975
670,44.41310045069524
671,44.46503887294534
672,44.66625991646223
673,44.29744093664144
674,43.57417233970097
675,42.95260515647264
676,43.239377444711415
677,42.91270044688228
678,42.85208743999567
679,42.943270147319744
680,43.20997427277973
681,43.065504910615935
682,43.28081579342237
683,42.897299731893206
684,42.742414471853145
685,42.30678962943327
686,42.78832378767067
687,42.77673689747599
688,42.4616514389714
689,42.312291859370525
690,42.21857739169868
691,42.51536519691729
692,41.842358298533696
693,41.41060984468311
694,41.25432896680142
695,42.31235442744959
696,42.7186630782354
697,42.67107893252266
698,42.97598099898607
699,43.86934303974059
700,43.76692086410955
701,43.60684647182458
702,44.138552311242194
703,44.357214063402765
704,44.65600055240791
705,44.42962448916314
706,45.292818888714386
707,46.07379750219062
708,46.335290399076975
709,46.65344539242521
710,45.71718067772438
711,46.00965519435476
712,45.9204331245337
713,46.12011741146457
714,46.43594496511916
715,46.27773304321384
716,45.50199174504044
717,45.66969027025843
718,45.33235467309557
719,45.18291676921207
720,44.91060549298926
721,44.757464121391216
722,43.7356263061385
723,44.27111746754039
724,44.38341881357584
725,44.87944712481698
726,45.77684339226187
727,45.87393388428308
728,45.05449260604555
729,44.65355107266857
730,44.11786447905289
731,43.89700279212211
732,43.9319797946662
733,43.06112643835198
734,43.208853062913505
735,42.561148909939476
736,42.687899344727605
737,42.64118545333723
738,42.50765887497703
739,42.47662131869539
740,42.24795954317989
741,41.989993645688514
742,41.28931622510418
743,41.27708512135031
744,42.04594056268309
745,42.88695901449385
746,43.457609556352914
747,43.7654190446332
748,43.47035383755888
749,44.10206878866755
750,44.07732232144169
751,44.046974293382114
752,43.91888416062656
753,43.95929137730253
754,43.76838970817718
755,43.73173495899616
756,43.25998387994729
757,43.098638653517845
758,44.09282079979851
759,44.06214550508656
760,43.95711192649444
761,44.19175231257459
762,44.505794341895815
763,44.01285287396463
764,43.92177075854782
765,44.32695125848853
766,44.44672357552047
767,44.50096121790166
768,45.1979153874195
769,44.892612029237455
770,44.929774195861576
771,44.69671954759109
772,45.367826799300175
773,44.490896224905576
774,44.19374097131307
775,43.96050435056037
776,44.25316961667451
777,44.52228068435598
778,45.1478064922089
779,44.44272882477369
780,44.777515070190056
781,44.64638401923619
782,44.35019327343547
783,44.590139716442344
784,44.18173004197117
785,43.27357723442615
786,43.113666642621205
787,42.47273453942457
788,42.19801456008031
789,42.355094932478266
790,42.48744908586768
791,43.167060292680716
792,43.080961186767134
793,42.42542580845826
794,42.10585814047788
795,41.720517617375265
796,41.21551591784245
797,41.39534592979623
798,41.12910961651142
799,40.323821793277915
800,40.60582924814664
801,40.56060876441598
802,40.70560267912963
803,40.7486600274979
804,41.00686549267981
805,41.022458753123765
806,41.53272688242357
807,41.709609417825654
808,41.87346028540709
809,42.045437945417405
810,41.43742723459433
811,41.36926254186237
812,41.262124196222416
813,41.34785131321015
814,40.789859753709216
815,41.461888787860794
816,41.50519289805922
817,41.005465966547746
818,40.31068234567688
819,40.19745284298667
820,40.161421769085536
821,39.873979029994125
822,39.91072540007002
823,39.65564612738909
824,39.87501429649164
825,39.5871472606762
826,39.57190905342849
827,39.96115634548359
828,41.00215309203851
829,40.99350538010553
830,40.80352893165542
831,40.46228129520851
832,40.78088624817864
833,40.31535864940823
834,40.1205605094246
835,40.10868606625222
836,39.71806554071749
837,39.339648782234924
838,39.15298466903139
839,38.33917632252213
840,37.78897795879443
841,37.63321848968146
842,37.689043813819524
843,37.6190976374421
844,36.95763107363356
845,36.78662350830545
846,37.08151746260339
847,37.28821477682101
848,37.25886266367989
849,36.929701339726236
850,37.16354491335933
851,36.94901596571324
852,36.519506098762875
853,36.22772353217146
854,36.75624422357381
855,36.83726329732936
856,37.266782973535356
857,37.08857719365813
858,37.43816067912277
859,37.21364454253076
860,37.15510617080528
861,38.0904925535436
862,38.38382696305859
863,38.19193983575911
864,38.15955953367656
865,38.284248225460246
866,38.75047888319316
867,38.56140026781057
868,37.89573573751393
869,37.78991144844209
870,37.79572604636997
871,37.837149399958115
872,38.33864171869115
873,38.46024769658858
874,38.77417181992315
875,38.349566090331216
876,38.68385107908963
877,39.50330844444318
878,39.809816172853125
879,39.91088431673953
880,39.97238970784151
881,40.47933591499703
882,40.10575357721904
883,39.00420397492847
884,39.18411795454908
885,39.47673541500287
886,39.30446959258387
887,39.42544643537096
888,39.316026771414066
889,39.36341977595085
890,39.31145835430135
891,38.86523311673624
892,38.85702813891054
893,39.19936235262687
894,38.8221242688455
895,38.728640067164115
896,38.9869580173587
897,38.57207346720532
898,38.642585232085445
899,38.23508748226905
900,38.671384948239925
901,39.57620814698546
902,40.38468731163745
903,40.29626881379965
904,40.59564807892895
905,40.64479761989202
906,40.686319549268944
907,41.32094348239188
908,40.77942568442631
909,41.21204746278806
910,41.19186839427227
911,41.776178051941045
912,41.85447026921113
913,41.57387178103673
914,41.68924957129383
915,41.99720054923036
916,42.012222977296595
917,42.21775984759927
918,41.99809374467607
919,41.11139736512872
920,41.48307974257638
921,41.77412899746834
922,41.8360751110442
923,41.86470519711924
924,42.300803095225774
925,42.1078845371126
926,41.81142651037089
927,41.73266539557442
928,42.23186947526414
929,41.65010992288549
930,42.1494783250105
931,41.8808959566343
932,41.422422653487914
933,41.94767308332851
934,41.90704962634427
935,41.36568688512106
936,41.21756033945523
937,41.60310948415572
938,42.102017182548664
939,41.922583474360145
940,42.093270166666805
941,42.39492750270521
942,42.12251752479273
943,42.272333450695825
944,42.25886005990534
945,42.03294826648797
946,41.826592184525694
947,41.85463982362378
948,41.86713675835769
949,41.631050457528914
950,41.4541021533823
951,41.918204829574044
952,42.00793322371802
953,42.38139337353065
954,42.89381541456498
955,37.5110564358034
956,38.372635598546786
957,38.05724793357136
958,38.366153304744074
959,38.24428765721674
960,38.9606452096015
961,39.62881244421678
962,38.86189971377016
963,38.48719799657385
964,38.74372454796774
965,39.05096030396375
966,39.33965761897114
967,39.31178931714523
968,39.49111321750775
969,39.74984251149338
970,39.71890085338515
971,40.129036964869115
972,39.23248935559243
973,39.48193197126415
974,39.075771597414175
975,39.4521837550388
976,39.36206583760598
977,39.01377090011343
978,39.159917282910925
979,38.80466108211422
980,38.45207618184235
981,37.854117091861895
982,37.8440084570428
983,38.03249422571994
984,38.42357353550635
985,38.369155198393436
986,38.77332223412108
987,38.78028692633109
988,38.74412625523086
989,38.96698671946491
990,39.381600744021625
991,39.247367679734175
992,39.151814168412244
993,39.08889636507549
994,39.121263296413055
995,38.77059332974193
996,39.17121304808022
997,39.014681331323224
998,39.19551998831557
999,38.87330345548644
1000,39.01303293240861
1001,39.16610475828719
1002,39.00168631918356
1003,39.79788533045811
1004,39.94582567794199
1005,40.66197852796603
1006,41.05385972957849
1007,40.78286870240589
1008,40.62729942717027
1009,40.80486281727542
1010,40.82983182128141
1011,40.85003171741629
1012,40.73328405127297
1013,39.13495413347035
1014,39.04683053886045
1015,38.19025942315826
1016,38.33252259832677
1017,38.055214260489414
1018,37.78393244728621
1019,37.7011616422229
1020,37.80410256618923
1021,37.266603179340294
1022,36.62062317934179
1023,36.23229679895788
1024,35.50003287734723
1025,35.158454881604904
1026,35.72225760396776
1027,35.34680822653444
1028,35.57781072876997
1029,35.09314461600925
1030,35.19827243458876
1031,35.085911380163985
1032,35.0649317941003
1033,35.264941535717945
1034,35.88974909017934
1035,35.95969678480068
1036,36.004443704280575
1037,35.65568816288108
1038,35.86428976772491
1039,35.77614616704313
1040,36.075047940485305
1041,36.059284262642734
1042,36.69252023961299
1043,35.97210442759558
1044,35.86556946513756
1045,36.18311537292699
1046,36.05644624983728
1047,35.77194515133991
1048,35.67696081530635
1049,35.18802541539258
1050,35.229907804209304
1051,36.10025733775969
1052,36.51599226089686
1053,36.113263856355644
1054,35.79924511019944
1055,35.65464841870902
1056,36.01457400711768
1057,35.71993084486752
1058,35.47422958845712
1059,35.78948016620167
1060,36.10027654453417
1061,35.96558033231448
1062,35.56580864667892
1063,35.01887832683665
1064,34.774953323776096
1065,34.007874697562706
1066,34.26383090952578
1067,34.04863686197172
1068,34.21290578481063
1069,34.85812262336975
1070,35.26941440695451
1071,34.86574374494846
1072,35.17013491101038
1073,35.57972142692759
1074,35.315158376839975
1075,34.98009964836791
1076,34.94175035025432
1077,34.3866416846553
1078,34.89611536202778
1079,34.06675143496562
1080,33.691777053836205
1081,33.60107806112994
1082,33.524860922699936
1083,33.580600106014955
1084,33.67187799456824
1085,33.600027585496164
1086,33.98420137394261
1087,33.26487346893625
1088,33.264818743634955
1089,33.027960817108564
1090,33.07175631359491
1091,33.14484611601994
1092,32.84399554373106
1093,32.634155486122424
1094,32.893837211772095
1095,33.0088558356355
1096,32.78507560356761
1097,33.460723205198015
1098,34.24238094608377
1099,33.745243060972015
1100,33.84723833475457
1101,34.707206829609824
1102,34.980345313904046
1103,35.05775844851432
1104,34.98489421223522
1105,34.79606937931758
1106,34.722201134194115
1107,34.53150136177865
1108,34.78968984166123
1109,34.65144880928025
1110,34.49892010763077
1111,34.08667056847533
1112,34.069771221888686
1113,33.766503823470565
1114,33.70552593625428
1115,34.05851088092778
1116,34.1833677500057
1117,34.35633599369484
1118,34.47889385885747
1119,34.49930303410407
1120,34.45540363605109
1121,34.34951081789004
1122,34.61125601617974
1123,34.23801407525682
1124,34.70014186646469
1125,34.71196901767921
1126,34.45305084024493
1127,34.28493659027833
1128,34.053614757298085
1129,34.108214585852096
1130,33.86424783664864
1131,34.8552927725801
1132,34.58391220314075
1133,33.806848131326056
1134,33.560621633485034
1135,33.18201735817976
1136,33.16879070609451
1137,33.52196764841297
1138,33.7398142788231
1139,33.29151892371233
1140,33.03871728337964
1141,33.63161207117559
1142,33.73890336937082
1143,33.74029299971581
1144,34.098499716505046
1145,34.94518874066925
1146,35.401228777575795
1147,35.45061791086132
1148,35.57658031572838
1149,35.796794954445836
1150,35.57813906466282
1151,35.20345331368805
1152,35.221922045224524
1153,34.88987113877158
1154,34.86843356867092
1155,34.90196628076396
1156,35.72867334214174
1157,35.42589469588313
1158,35.38277613923632
1159,34.66495767351622
1160,34.816883135718044
1161,35.18323391952144
1162,35.011088479413
1163,34.72470192433119
1164,32.86823332517505
1165,32.56521173612419
1166,32.74037423126623
1167,32.75532265508172
1168,32.42439698307757
1169,32.30375437458162
1170,32.313922918416544
1171,32.4770919191166
1172,32.28494534697325
1173,32.20419207271198
1174,31.62387221849958
1175,31.261847593152165
1176,31.771688163328953
1177,31.084029835126525
1178,30.97920434016163
1179,31.04718468617834
1180,30.931177056927638
1181,30.682211793261573
1182,30.663477270562456
1183,30.661954743601516
1184,30.636786277324678
1185,30.06688294446854
1186,30.022595916557055
1187,29.76696341957059
1188,29.60436479409695
1189,29.671635545961816
1190,29.862360608305828
1191,30.131363867047824
1192,29.982158486461934
1193,30.260478324715212
1194,30.617746466049194
1195,30.967744722333478
1196,31.40112905259766
1197,31.355416406655877
1198,31.30086412983436
1199,31.56018042787474
1200,31.13183626766835
1201,31.19710369638241
1202,31.032022969985647
1203,30.917791033915883
1204,30.38401462330802
1205,30.114632773884146
1206,30.108461734653012
1207,30.377153149883597
1208,30.679388680593718
1209,30.654754904162978
1210,30.596783905676883
1211,30.343675504710276
1212,30.466011202296745
1213,30.39067735442464
1214,30.57536871305604
1215,31.11567180559322
1216,31.105599750644153
1217,30.64330836878718
1218,30.380647493657253
1219,29.940866975878798
1220,29.58457879128291
1221,29.973268847150237
1222,30.04128318185283
1223,29.588056918973365
1224,29.78208740833962
1225,30.159828833536658
1226,30.051486348446243
1227,29.849026130941915
1228,29.748491854862618
1229,29.833278596445524
1230,30.024814908200813
1231,30.381879807602473
1232,30.75249575727147
1233,31.11920623132419
1234,31.545924558837108
1235,31.755256938373115
1236,31.27281589590991
1237,31.23188650080814
1238,31.330083849181772
1239,31.210279716202738
1240,31.495986568233082
1241,31.382737715486275
1242,31.093553575230644
1243,31.545896185108475
1244,31.756694396672398
1245,31.826398537433633
1246,32.12270750668655
1247,32.46584200505508
1248,32.57675116510839
1249,31.78588315643522
1250,31.571864839634195
1251,31.428042874344413
1252,31.120244954569404
1253,31.182135319411042
1254,31.556114264636758
1255,31.40346730002499
1256,31.04910500625752
1257,31.68522018054499
1258,31.542503561694474
1259,31.155983282699207
1260,31.23012203743258
1261,31.363346582821855
1262,31.14299697993863
1263,31.390143414872696
1264,29.369019479436886
1265,29.099204888745074
1266,29.15121984464545
1267,29.376776547543354
1268,29.191160298467867
1269,29.28783345953602
1270,29.260464579689145
1271,30.098688807739173
1272,29.88617541551023
1273,30.302727616040276
1274,30.28686941378979
1275,30.24850149438062
1276,30.467583946421094
1277,30.741182422832512
1278,31.13315595159736
1279,31.23564393084629
1280,31.048668112069187
1281,30.882184105986667
1282,31.039977901701825
1283,31.220813822467008
1284,31.6603620989227
1285,31.79311624443554
1286,32.131969808571576
1287,32.62305310933865
1288,32.67686040368451
1289,32.19501439090934
1290,31.817575860425023
1291,31.363374923795202
1292,31.866544963513142
1293,31.59764606793044
1294,31.98928624675454
1295,32.17720752476069
1296,32.73389391751072
1297,33.06389794219135
1298,33.03006766252785
1299,32.964063505631536
1300,32.99215020562415
1301,33.050023261747185
1302,32.87507702369365
1303,32.86435219548944
1304,33.39752351797785
1305,32.83386223160873
1306,32.91884365736147
1307,32.621635089110576
1308,32.68270673925708
1309,32.95835022293414
1310,32.93936832617233
1311,33.19497195340642
1312,32.67139822881202
1313,33.03507627451927
1314,32.83643171306168
1315,33.04144566372325
1316,33.10178417871813
1317,32.25688670932184
1318,32.01392359804566
1319,32.08459486787969
1320,32.587075903824264
1321,32.68082282631895
1322,32.76514856553005
1323,32.30553461502458
1324,32.77119842457163
1325,33.36878235138381
1326,29.57973552690444
1327,29.514803345892858
1328,29.040791603516418
1329,29.29845133744712
1330,30.100971666287762
1331,30.317605496136096
1332,30.70316115269082
1333,30.87005102377574
1334,30.567468804977448
1335,30.978798737484464
1336,30.59869343432639
1337,30.534300576060367
1338,30.6195648312227
1339,30.891104889967757
1340,31.01987510533093
1341,31.14010307606383
1342,30.90387547065603
1343,30.507967580997114
1344,30.52672985033273
1345,30.310698638472882
1346,29.916880439702215
1347,29.54053593352234
1348,29.396103596629793
1349,28.856531031229604
1350,28.470306279477704
1351,28.008563141834664
1352,28.059657947244986
1353,28.174370772527467
1354,28.74558345478443
1355,28.318316982808188
1356,28.126519026502834
1357,28.38437968575274
1358,28.32291642807503
1359,28.230452335403218
1360,28.717105692752792
1361,28.62008948524816
1362,28.29109107538575
1363,27.920956963387617
1364,28.01484352841571
1365,28.10048712944717
1366,27.71766368312299
1367,28.613500669415743
1368,28.766910458861318
1369,28.933452507895314
1370,28.74794340915629
1371,28.927375419370094
1372,29.093271833724433
1373,28.579112575987846
1374,28.490066537904944
1375,28.608581918671533
1376,28.445101966315743
1377,27.843141328876765
1378,27.764452542944596
1379,27.97405430366892
1380,28.419669811642827
1381,27.803827131444216
1382,28.540007969141968
1383,28.22012929137782
1384,28.491484030432883
1385,28.845304306835732
1386,29.13025691051204
1387,29.17387377930492
1388,28.837003279754203
1389,29.01825127767859
1390,28.81144357748041
1391,28.0937099258319
1392,28.899800487960853
1393,29.105166802970505
1394,29.639160685344407
1395,29.370191192942848
1396,29.80437763504606
1397,30.282015087184988
1398,30.756442055597255
1399,30.74992043353364
1400,30.382378516472087
1401,30.32855440095943
1402,29.667790639708393
1403,29.167114042681717
1404,29.19394226270875
1405,28.90594393141064
1406,28.858448078997295
1407,28.82700957938877
1408,29.388988129232008
1409,29.772832494943742
1410,29.759475652629064
1411,30.121421186101493
1412,29.887473750439717
1413,29.786953161309416
1414,30.059318939514817
1415,29.688391819803815
1416,29.605682353464235
1417,29.2172081443624
1418,29.25155046969863
1419,29.733005864754386
1420,29.51022367171908
1421,29.576956555769396
1422,29.312743241564114
1423,28.977708296193217
1424,28.621791256715163
1425,29.041210720651346
1426,29.73545887755853
1427,29.879441609708714
1428,29.666181963983636
1429,29.87603514873087
1430,29.77631931411627
1431,30.015904980583308
1432,30.103376561168364
1433,30.18769482082201
1434,30.371575230096592
1435,30.196082858855515
1436,30.07422615662413
1437,29.561004439145737
1438,29.430671556593406
1439,29.01503238709354
1440,28.973083443768683
1441,28.696952497648752
1442,28.7260184010267
1443,28.85651150722434
1444,28.44960976429804
1445,28.219173351407473
1446,27.954230115755223
1447,28.163687425452526
1448,28.648385484383137
1449,28.89337859913462
1450,28.792595845007906
1451,29.217514154278568
1452,28.77846176296414
1453,29.213204980979192
1454,29.022131391459833
1455,28.226344901832874
1456,28.98457539638845
1457,29.44558654877391
1458,29.14330461407252
1459,29.192600964878473
1460,29.13005010531896
1461,29.159842300853455
1462,28.730510298035334
1463,28.535379257526355
1464,28.669226717223562
1465,28.733143130365356
1466,30.424082312026336
1467,30.44835527357818
1468,31.17212280454169
1469,30.94981061288029
1470,31.03017766090052
1471,30.44120215860754
1472,30.06211357270427
1473,30.464161296745267
1474,30.178294040655164
1475,30.33886844247318
1476,30.320133650242155
1477,30.005073354381967
1478,29.90076264027961
1479,29.747397527225605
1480,29.602771579944854
1481,29.826703221047758
1482,30.021912120319698
1483,29.849057419126584
1484,29.57952012075816
1485,29.663152156104506
1486,29.633499263540504
1487,29.939787394229523
1488,30.745425335600395
1489,31.005681378131605
1490,30.99491489066704
1491,30.941635853146227
1492,30.677692884248664
1493,30.400803728117754
1494,30.097282683457966
1495,29.978532424804428
1496,29.850754180891307
1497,30.073591031760706
1498,29.953836767809673
1499,29.894751353237726
1500,29.532760857770068
1501,30.02246518730733
1502,30.175061500058337
1503,30.719712109091347
1504,30.96549111861196
1505,31.430216975136656
1506,31.352213760998023
1507,31.577867734296422
1508,32.44387102037758
1509,32.04932768662759
1510,32.42853988385318
1511,32.98385956961678
1512,33.12305659126041
1513,33.377490578109516
1514,33.80734486825715
1515,33.58149365037752
1516,33.72195970029537
1517,33.42383268414972
1518,34.20121458059355
1519,33.98589311155955
1520,33.93621887042975
1521,33.987085142052706
1522,34.14482152282111
1523,33.65298799602147
1524,34.34201743856355
1525,34.750879889458254
1526,35.01023754286968
1527,34.88214926673106
1528,34.85031407498829
1529,35.04643209463913
1530,35.19444344372442
1531,34.59390771815444
1532,34.85757179278618
1533,35.91492177901795
1534,35.241344678597194
1535,35.60253112301896
1536,35.73754275616007
1537,35.6966769509046
1538,36.2024848682642
1539,35.76578807452403
1540,35.825600873703756
1541,36.3677463505129
1542,36.29432188423021
1543,36.138857691172674
1544,36.18151847173689
1545,36.01663429643076
1546,36.59357149730112
1547,36.25415897605097
1548,36.58079653210219
1549,36.113132480180155
1550,36.362292007350035
1551,36.32311476966177
1552,35.37136835743199
1553,35.369195506771945
1554,34.983391506276476
1555,34.82395824943224
1556,35.37909550778071
1557,34.975062672167475
1558,34.595921804884235
1559,35.112059142307714
1560,35.1539365888734
1561,35.71546953206061
1562,35.83445959258565
1563,35.510887591546044
1564,35.48668900146089
1565,35.93813373496387
1566,36.28752451816789
1567,36.28785529210094
1568,36.30605591761672
1569,36.264073942479875
1570,36.04906333216084
1571,36.7721100374814
1572,36.77482876264844
1573,32.70897628294686
1574,32.548958421832964
1575,32.79295046428185
1576,33.6593643390696
1577,33.611938403187445
1578,33.38172998603625
1579,33.38993693195257
1580,32.820315203510106
1581,32.38396061484355
1582,32.651057801758604
1583,32.49055934565925
1584,32.616046943840445
1585,33.027162538782726
1586,33.248493408752644
1587,33.2555393957232
1588,33.99118309457126
1589,34.22533496268724
1590,34.10082422312614
1591,34.35846843411277
1592,34.50285198895155
1593,34.20056372925458
1594,34.22622897714723
1595,34.16822222057739
1596,33.484428632976616
1597,33.4251295650225
1598,33.32798537870479
1599,33.1781342646418
1600,32.62177742364149
1601,32.5030387282216
1602,32.489779514073724
1603,32.52384520073319
1604,32.14638243176442
1605,32.35608782159196
1606,31.95425905823012
1607,31.88083557693152
1608,32.311449814975134
1609,32.08228721972899
1610,31.914296037614154
1611,32.268373173473236
1612,32.141256588195915
1613,32.04329294640025
1614,32.11622903772764
1615,32.464450858472254
1616,31.737514751549483
1617,31.468520605771477
1618,31.144528069302574
1619,30.799376032371967
1620,30.530207286729578
1621,30.268304631104602
1622,30.36204394125645
1623,30.086362524170735
1624,30.124170000465668
1625,30.248362335085115
1626,30.022932716471047
1627,30.063153187345666
1628,30.5717220727202
1629,30.6727919541734
1630,30.473157429511545
1631,30.45289323965303
1632,30.168598099764854
1633,30.252322172647283
1634,30.52046490086404
1635,30.265788918101677
1636,30.201106345372942
1637,30.54654295767987
1638,30.391612385816853
1639,30.450051547489654
1640,30.133164595597755
1641,29.882066601356875
1642,29.726053673788304
1643,30.38007875743201
1644,30.256062818944017
1645,30.09614231655765
1646,29.927119201099295
1647,29.877600200832322
1648,30.074220520181406
1649,30.131262319379637
1650,30.757731537910978
1651,30.82356020382191
1652,31.272946062553174
1653,31.359601618101372
1654,31.550085749683237
1655,31.09790045697931
1656,31.058412728033492
1657,31.03700603474605
1658,30.96169098249933
1659,30.30224733557645
1660,30.570274763534478
1661,30.45215065049152
1662,30.319040283529556
1663,30.241773368947474
1664,30.17287677680733
1665,30.29596044752425
1666,29.913325875003306
1667,29.636112718512464
1668,29.722370415760395
1669,29.765672590816607
1670,29.653769629837353
1671,29.484070395460126
1672,29.23907161528399
1673,29.222014084580373
1674,29.569092898063648
1675,29.257886154344813
1676,29.70698876024404
1677,29.958771243502056
1678,29.823375751365322
1679,30.057831899401922
1680,29.620426914565712
1681,29.111942126133663
1682,28.73887252670004
1683,28.621356934759
1684,28.528371559937398
1685,28.38178769909398
1686,28.41001966822087
1687,27.809852074609932
1688,27.947949762430834
1689,27.554086016560316
1690,27.372595025024633
1691,27.259820094922837
1692,26.946454231101292
1693,26.579539380788486
1694,26.313468199373606
1695,26.3103308626367
1696,26.466015931469723
1697,26.615768584771292
1698,26.35238896549482
1699,26.144612915229125
1700,25.90502928068423
1701,26.021815754898135
1702,25.497006468779293
1703,25.814708967622114
1704,25.689860879345872
1705,25.48936094105662
1706,25.57603256615871
1707,25.841503846556645
1708,25.930184327570338
1709,26.204604844812923
1710,26.239836705046326
1711,26.564483769491865
1712,26.897321989787176
1713,26.870578163931558
1714,27.260097375251757
1715,27.305040951083974
1716,27.328777491699913
1717,27.078106709020528
1718,27.000023349727847
1719,27.210789250338575
1720,26.85594170890117
1721,27.030972258870495
1722,27.125370988858695
1723,27.20076513686771
1724,26.6071554364606
1725,26.57969960789458
1726,26.75256487343356
1727,26.54923151094877
1728,26.573218074668947
1729,25.94874215571433
1730,26.1235463585398
1731,25.951067325983345
1732,26.178181806001405
1733,25.700191560211444
1734,25.878722849080237
1735,25.81747857203721
1736,26.026825719361213
1737,25.787004582866004
1738,25.628015188854263
1739,26.209203033007082
1740,25.992579368658035
1741,25.809710996265718
1742,25.738424599933087
1743,25.476575157095898
1744,25.781675213958195
1745,26.23027058508338
1746,26.046230338223324
1747,25.600521624436727
1748,25.902318971132836
1749,26.1910147999416
1750,26.407102215915085
1751,26.71427620000299
1752,26.483525462052466
1753,26.438939246394007
1754,26.075516237292433
1755,25.70833274224543
1756,25.96179887750746
1757,25.787942842644227
1758,26.382548949891206
1759,26.40212681426134
1760,28.22788600626182
1761,28.454013049492755
1762,28.971188334394803
1763,29.112369133953536
1764,28.76017703144491
1765,28.867076271029564
1766,29.26691499435955
1767,29.122914012940164
1768,28.898476222794955
1769,29.19371209832875
1770,29.234602487522665
1771,28.914049052036994
1772,28.8044571508422
1773,28.587613009210354
1774,28.67243473664713
1775,28.70390121096471
1776,29.036031220437984
1777,29.24282267905774
1778,28.789157055809238
1779,28.90656495656855
1780,29.16700351296982
1781,29.300273378836366
1782,29.603643438923914
1783,29.441394874354902
1784,29.162783383913933
1785,29.435282944727607
1786,29.123325254641667
1787,28.501138473581772
1788,28.794863840462504
1789,28.587089022170765
1790,28.499727365271347
1791,28.104079046888298
1792,27.734009829319383
1793,27.415089221437388
1794,27.316394820388755
1795,27.41765243947341
1796,26.794829596821923
1797,26.99713299939681
1798,26.67990588602434
1799,26.396926316039576
1800,26.576467129424586
1801,26.556639466885013
1802,26.15173281220281
1803,26.638602338287647
1804,26.410328467396543
1805,26.475726258909564
1806,26.528701609091947
1807,26.90576290613402
1808,26.783440633521565
1809,27.05480724696896
1810,26.85483317726922
1811,27.15787609642278
1812,26.951454161300504
1813,26.854010124238588
1814,27.368010412556625
1815,27.45489680481726
1816,27.48504756106007
1817,28.108235859947133
1818,28.209990584198806
1819,27.980695281529993
1820,28.1870061841676
1821,27.855885956329153
1822,28.17196837633933
1823,28.513772950423157
1824,28.3508678067986
1825,28.173409897337955
1826,28.223181077862552
1827,28.227176394745886
1828,27.952547480569613
1829,28.11179441411428
1830,27.54360709641456
1831,27.42463965461962
1832,27.31408374122864
1833,27.239545649497437
1834,27.32336072950436
1835,26.989875559328958
1836,27.149183363368067
1837,27.100317049941296
1838,26.924678057450368
1839,26.559168153978707
1840,26.24679567064027
1841,26.341539968384392
1842,25.899412458922804
1843,25.916044882801266
1844,26.192735464970696
1845,26.464614165187584
1846,26.88080587708074
1847,26.80127772044966
1848,26.51201620186267
1849,26.783963375453457
1850,26.867016058191982
1851,27.17069144372185
1852,27.17369562074265
1853,27.50054693068221
1854,27.734295915927852
1855,27.933703655753234
1856,28.074710948345377
1857,28.186586112312906
1858,28.25234754481192
1859,28.316243506036997
1860,28.598022195246784
1861,28.451980305868997
1862,28.950127728406454
1863,28.919386708735505
1864,29.205761823793864
1865,29.179418085660135
1866,29.107531080426075
1867,29.70511804073804
1868,29.613368791066343
1869,29.237547019124005
1870,29.029510571706673
1871,28.937566762244444
1872,30.177568760287244
1873,30.24002721993022
1874,30.52400995117668
1875,30.219807469763715
1876,30.326553102427155
1877,30.53087455978993
1878,31.08591186340668
1879,30.87022161062924
1880,31.057083423710967
1881,31.15119947879682
1882,30.834543506182577
1883,30.828544848331514
1884,30.747426278147117
1885,30.040685259946436
1886,30.221068979414696
1887,30.38477813174184
1888,30.251701042925323
1889,29.849461404445766
1890,30.294482643010724
1891,30.375173021298913
1892,30.685573045209445
1893,31.1214044591133
1894,30.959712449849796
1895,31.212176971128997
1896,31.136999795158708
1897,31.11753011442818
1898,31.09090005051136
1899,31.090489985244286
1900,31.438761873223587
1901,31.477715828720402
1902,31.42936144893272
1903,31.34256762682629
1904,31.449727015909694
1905,31.169548934624903
1906,31.013265683670248
1907,30.997056005776603
1908,30.822154991423602
1909,30.785659711308377
1910,30.59820108441414
1911,31.217561246370508
1912,31.63523099129733
1913,31.777895116898186
1914,31.760860847610278
1915,32.464344098465055
1916,32.56935812346846
1917,32.54108537757836
1918,34.766824324168695
1919,34.87335393823799
1920,35.36866353342215
1921,35.36195661114105
1922,36.112166058865995
1923,35.79504964972047
1924,36.0443494014526
1925,35.68505024038623
1926,36.33941082092335
1927,36.21948361620449
1928,36.19841389318771
1929,36.5345238273353
1930,36.9960473540889
1931,36.58697527629897
1932,36.46054512252997
1933,35.955479323077306
1934,36.004881956808724
1935,35.968401388956764
1936,35.84311411115671
1937,35.59861954232846
1938,35.46150690190616
1939,35.19780920523352
1940,35.38448547300307
1941,35.92498308316189
1942,35.23802375808966
1943,35.19718278293402
1944,35.05030541314506
1945,35.22330766203555
1946,34.889654157984836
1947,34.83860059257209
1948,34.478297311678794
1949,34.71934557954225
1950,34.753830195795686
1951,34.69775688372268
1952,34.82644183245971
1953,34.740706173195335
1954,34.2050699815874
1955,34.409448152224456
1956,34.50878343527181
1957,34.455653381055804
1958,34.79669243359729
1959,35.22328229352335
1960,34.840638080381964
1961,34.56956620989586
1962,35.108615515918366
1963,35.610305464693155
1964,35.34832981147921
1965,34.93342277274334
1966,34.71140710572694
1967,34.53893380741128
1968,33.99612493359947
1969,34.006722243141816
1970,33.574150113364624
1971,33.17022156142364
1972,33.47549225867269
1973,33.24757073984807
1974,33.22381679763877
1975,33.43348543571906
1976,33.70648312436252
1977,33.59307670010542
1978,33.6079003882263
1979,33.331640466932896
1980,33.91918918869744
1981,34.14036488392818
1982,33.76578485475045
1983,33.76715508758558
1984,34.00896287829014
1985,34.17239702352889
1986,34.803220123690146
1987,35.2841235833029
1988,35.09434622697469
1989,35.063062864778345
1990,34.61658222822817
1991,34.70304211872445
1992,34.75549061479577
1993,35.70791566287928
1994,35.74277470290499
1995,35.00236458206148
1996,34.76790718047151
1997,34.80699060089885
1998,34.37254354819326
1999,34.07575097336606
2000,33.95138532710592
2001,34.06763367422141
2002,34.01135210489323
2003,33.71025283290657
2004,33.976830682120266
2005,33.793972808129695
2006,33.62565707072826
2007,33.16492570951961
2008,32.90526599274794
2009,33.120433609038436
2010,32.69057407185286
2011,32.66731526054846
2012,32.90262016760225
2013,32.7787752167316
2014,32.857469925267836
2015,32.492561101494886
2016,32.92110537882187
2017,33.28558619668319
2018,33.36406582013488
2019,32.78360879318313
2020,32.44249168048275
2021,32.760910964246385
2022,33.32697991864808
2023,33.425979638410794
2024,33.845519270628785
2025,33.640442984990045
2026,33.57679259840295
2027,33.57717802981382
2028,33.71954293833318
2029,33.207955892172414
2030,33.52180594978926
2031,33.9680921359145
2032,33.5801213668063
2033,33.12806701621206
2034,33.24440460336245
2035,33.027592592845586
2036,32.25377383218698
2037,32.51562976595545
2038,32.5662616504694
2039,32.411404895237034
2040,33.10369166161409
2041,33.1497060473656
2042,32.90088472147644
2043,32.93418139982701
2044,32.59341825877526
2045,32.346095118364346
2046,32.47131013420017
2047,32.29185245084905
2048,32.14655244722024
2049,32.687562706094084
2050,32.96977220849832
2051,33.23552740087971
2052,33.411747952029955
2053,33.573920461478785
2054,34.066532060467644
2055,34.05987407159486
2056,34.69775957216304
2057,34.36920990063591
2058,34.28166714338045
2059,33.812304072256225
2060,33.696266061484046
2061,33.87141543509596
2062,34.36655747445882
2063,34.13934903597474
2064,34.1411599967618
2065,34.018741401225114
2066,33.76840462905594
2067,33.36914920024904
2068,33.38939745579818
2069,32.81605108831377
2070,32.85234704281276
2071,32.85923096650382
2072,32.64380852413786
2073,32.31547346991802
2074,31.87121009721423
2075,32.473240521370876
2076,32.04036970420711
2077,32.54337075794568
2078,32.73927187762434
2079,32.620310716275796
2080,32.245043904121786
2081,32.58295467848675
2082,33.151428276797354
2083,32.84322742105445
2084,32.745256268603164
2085,33.09143019871313
2086,33.20273247760305
2087,33.87345894069752
2088,33.680880803153556
2089,33.86402539834387
2090,33.44304937587965
2091,34.151376437248125
2092,33.05710970387612
2093,32.33521850787794
2094,32.294577997725874
2095,32.249580844232895
2096,32.87329944347592
2097,32.762106724636624
2098,32.75796462955027
2099,32.9529410861454
2100,33.47983183836986
2101,33.45866936097389
2102,33.80827874060036
2103,33.98388873360064
2104,33.88336541335482
2105,33.90965366086314
2106,35.4740912420935
2107,35.15062361046346
2108,35.579839350019185
2109,35.09023773306965
2110,35.503619667551675
2111,35.8440952741621
2112,35.81075812183583
2113,35.53769311159774
2114,35.45731788870037
2115,35.62534799097545
2116,35.891051087883866
2117,35.994177193098245
2118,36.353065892640174
2119,36.15098509276034
2120,36.23588631179264
2121,35.67201558617534
2122,35.94545932280502
2123,36.00056142103306
2124,35.85126282220899
2125,36.27011833048187
2126,36.521804919235805
2127,35.507556566192136
2128,35.52172095755303
2129,35.00861336531465
2130,35.384034872478765
2131,36.27582256555706
2132,36.088207114139266
2133,36.11513143187417
2134,36.02458402646375
2135,36.15118492729194
2136,36.384949588483614
2137,36.8563216815728
2138,36.494185346250916
2139,37.07227146975999
2140,36.72854155565955
2141,36.83045332154203
2142,37.25964379944192
2143,37.526328976192914
2144,37.17576398722103
2145,36.915732199962086
2146,36.74545329134886
2147,36.72665571675526
2148,37.15031824868685
2149,36.67349266315125
2150,36.84504842046624
2151,37.070479894412266
2152,37.27801899755713
2153,37.45225468180219
2154,38.02523789808673
2155,38.211181336220015
2156,38.540042678401335
2157,38.757846879467344
2158,39.459087030345245
2159,38.716517445084925
2160,39.216100994324336
2161,39.113868389595254
2162,39.00422313461762
2163,38.62791332787617
2164,37.912777924028184
2165,37.76826709391079
2166,37.50957831470006
2167,37.69539965272862
2168,37.14448980016122
2169,37.680079853034115
2170,37.78268418703087
2171,37.68913589827049
2172,37.42270654154171
2173,37.12926885175133
2174,36.71203772818964
2175,36.512734769160026
2176,36.51494400793628
2177,36.45023724371869
2178,35.93828236364548
2179,35.842875125650835
2180,35.52415817022923
2181,35.581000398726694
2182,36.250686442937464
2183,36.47797101012838
2184,36.3639298456057
2185,35.77783305764511
2186,35.27523889971606
2187,34.685233088063725
2188,34.937953165847844
2189,34.671673505523295
2190,34.69338485795289
2191,34.47825684073235
2192,34.50971416048305
2193,34.99683488636007
2194,34.75794455819138
2195,34.6396372924945
2196,34.36144578373661
2197,34.6632803257307
2198,34.3095503368024
2199,33.923022661829705
2200,33.45553650727058
2201,32.98762706212625
2202,35.388712738823905
2203,36.309672662688364
2204,35.95004756120488
2205,36.29376144135518
2206,36.385012152554644
2207,35.986242409895915
2208,35.88680627219134
2209,35.803317183766545
2210,35.55687506465205
2211,36.25000784445482
2212,35.56558269523792
2213,35.701359042726224
2214,35.819914198969684
2215,35.61289670711459
2216,35.66617882735887
2217,35.980564499225814
2218,36.03556145228962
2219,36.18626121076024
2220,36.43787084277346
2221,35.70490526251026
2222,36.23667990627479
2223,37.071738084418314
2224,37.43712477612296
2225,37.81854154701788
2226,37.28969554757207
2227,37.24556010910972
2228,36.94433453982977
2229,36.728035198045625
2230,37.084931733670594
2231,36.78800086330119
2232,36.74017031944587
2233,36.04560377719202
2234,35.98854122014051
2235,36.02095152404121
2236,35.76797191974671
2237,35.51140760579235
2238,36.187661374798274
2239,35.752520561500134
2240,35.37886476992088
2241,35.09380070175619
2242,35.517043750505
2243,36.27134774783828
2244,36.39203273838644
2245,36.131920163696556
2246,35.977702303426916
2247,36.362844189198036
2248,36.033058562524964
2249,36.560421545533565
2250,37.08201416254031
2251,37.10805784996611
2252,37.34860040467598
2253,37.62967236898208
2254,38.21908503457846
2255,37.8193350685199
2256,38.26870759286257
2257,38.125381753614384
2258,37.833790741018845
2259,37.872655562352506
2260,37.79156462691613
2261,37.420212137360224
2262,36.827236203054326
2263,36.48191785704304
2264,37.015631963281976
2265,37.749264948816695
2266,37.99547859903113
2267,38.4487591273506
2268,37.2950342647019
2269,37.26627161790298
2270,37.371796614499935
2271,36.96987614808111
2272,36.60570055723086
2273,36.64129028089966
2274,36.524114548676096
2275,36.137718266425686
2276,36.277672468038105
2277,36.182286486605605
2278,36.553729343334886
2279,36.55183550646063
2280,36.44223263812462
2281,36.488789310971875
2282,36.426088563702756
2283,36.183556533532446
2284,36.038406441251155
2285,36.30949966489008
2286,36.54500712724763
2287,37.018095144454655
2288,36.39665633954816
2289,36.25386530902085
2290,36.103876844244304
2291,36.165946674731956
2292,36.00278886486836
2293,35.81850193916672
2294,36.10005262457008
2295,36.16439959127485
2296,35.74504142103853
2297,36.22525839440682
2298,36.588139910261525
2299,36.37874026124543
2300,36.68241002937003
2301,36.413723288510354
2302,36.82594784231315
2303,36.74581673043685
2304,36.45198680901712
2305,36.31623624700566
2306,36.03917773364246
2307,36.10848985487936
2308,36.17177310040662
2309,36.18472598639053
2310,35.98387571296512
2311,34.69030049213636
2312,34.72252039951613
2313,35.11548301216796
2314,35.20133570976422
2315,35.60164930515939
2316,35.69929076163205
2317,35.56053501745611
2318,35.496627074417944
2319,35.4494257405988
2320,35.25525645564931
2321,35.05003957266789
2322,34.72770498242706
2323,35.14278750588854
2324,35.13732207717938
2325,35.47494194571657
2326,35.38634729562409
2327,35.411894043445116
2328,35.35160969282386
2329,35.51560891952828
2330,35.81041039350592
2331,35.89635256465164
2332,35.65529020895304
2333,35.37827709991959
2334,35.97015964280922
2335,35.869570553264765
2336,35.76530529492986
2337,36.2931265368504
2338,36.690100711198
2339,36.88649012245408
2340,36.73946056978698
2341,37.61426524399285
2342,37.762370263158765
2343,37.969490888350734
2344,37.904578311815115
2345,37.37226419164529
2346,36.876747725983265
2347,37.02713385885985
2348,37.17250167741047
2349,37.08339526612367
2350,36.65143070516823
2351,38.83087793358115
2352,38.70377910333708
2353,38.14428591913023
2354,38.4887165054232
2355,38.934929112896675
2356,40.41530652476345
2357,40.77184469154608
2358,40.53084406290539
2359,40.17908618903842
2360,38.815875887839915
2361,38.585649931733265
2362,38.51742380000039
2363,38.892007925149784
2364,39.13060037737763
2365,39.36150375675345
2366,39.445680674371374
2367,39.70724453331428
2368,40.28622717142894
2369,39.859504516746135
2370,39.67764299289346
2371,39.13051371771211
2372,39.769057800323736
2373,40.28816925398632
2374,40.592393652275305
2375,40.10877692887312
2376,40.17820299139655
2377,40.084039628493635
2378,40.11645147168367
2379,40.0410560919319
2380,40.249792890323775
2381,40.09118399245248
2382,40.4352595164105
2383,40.53298605977428
2384,40.41436744210004
2385,40.36918788353401
2386,40.191717566846194
2387,40.52016632742199
2388,40.41031763414632
2389,40.35352141122407
2390,40.1954826201211
2391,39.60294950446544
2392,39.9634242470251
2393,39.542790005475794
2394,39.81226324373336
2395,39.979887465219726
2396,39.32325915762709
2397,38.953528714740244
2398,38.75378226304892
2399,38.43702460161068
2400,37.98534661805
2401,38.26751740630045
2402,38.175974304152746
2403,38.32349975386448
2404,38.158868477599675
2405,38.27555645775438
2406,37.98912637888655
2407,37.97905422329927
2408,38.200677881511766
2409,38.21789988327088
2410,38.04360062444646
2411,37.63243162583472
2412,37.69556889028747
2413,37.82582258381222
2414,37.72822213097021
2415,37.4390848695465
2416,37.64277508655512
2417,38.58865585390906
2418,38.47211617460079
2419,38.601885334344225
2420,38.74784138154458
2421,37.76604427572
2422,37.812851165989564
2423,37.54663783149501
2424,38.07015780821382
2425,37.97358769442533
2426,37.679474353265405
2427,37.59723483108984
2428,37.659909364430646
2429,37.449638642096396
2430,37.429921813704254
2431,36.92647726270083
2432,36.843392710383775
2433,37.130288160899774
2434,37.86869388116386
2435,38.13718919644519
2436,38.24103826347432
2437,38.69641258339217
2438,39.092787389551056
2439,39.748671185704204
2440,40.18135048868
2441,40.134019208608855
2442,40.23787877658366
2443,40.31003408305969
2444,40.432010675731945
2445,40.51308569791023
2446,40.19733651562778
2447,39.36056310903386
2448,39.097072520700905
2449,38.312922743026924
2450,38.338968712637
2451,38.34070795652088
2452,37.70363306681923
2453,37.96399229460173
2454,38.29451675032169
2455,38.33124032704248
2456,38.97583743032916
2457,39.71220441703402
2458,39.236153955757885
2459,39.64503295481278
2460,39.820193052715744
2461,39.98711769128209
2462,40.362527592473775
2463,40.0732945743535
2464,39.836613134118856
2465,39.50865241055402
2466,39.21152358316572
2467,39.17291465157227
2468,38.6083013230104
2469,38.20666740424245
2470,38.427960115733825
2471,38.40070026515265
2472,38.548039527873016
2473,37.826603015916376
2474,37.531257004610616
2475,37.3233777400248
2476,37.335522807414065
2477,37.11727095997012
2478,37.46527605313081
2479,37.4434491058772
2480,37.44982033643168
2481,37.454890701103835
2482,37.721006797415804
2483,37.54352556460103
2484,37.967285439780305
2485,38.14235961576479
2486,38.20115821219636
2487,38.217105361495236
2488,38.416468674959056
2489,38.808533374397726
2490,39.17721901473226
2491,39.324747648946534
2492,39.671030833685315
2493,39.718012543911165
2494,40.21860515094448
2495,40.20790580828913
2496,39.38213336016499
2497,39.91256039039938
2498,39.955629742246664
2499,39.4904471178133
2500,39.412245222487904
2501,39.06544140781381
2502,39.89457375510064
2503,40.093617939209864
2504,39.469572407598925
2505,39.68573097208804
2506,39.52780317619624
2507,40.29277351140959
2508,39.8708376035185
2509,38.98491882329396
2510,39.010606328686244
2511,38.87507472975299
2512,38.7134635722333
2513,37.89332760102258
2514,38.055405502480866
2515,38.697561543404184
2516,37.96581304292254
2517,38.41309184303206
2518,38.19525015288037
2519,39.10307932690347
2520,39.27394407137057
2521,39.20023942471461
2522,39.63595544968921
2523,39.84500119008109
2524,39.60963500835838
2525,39.891950687571345
2526,39.68874346989848
2527,38.985224992989956
2528,39.78534585722796
2529,39.64650583356436
2530,39.40578681255057
2531,39.539489218703665
2532,38.92760273979701
2533,38.40423709445746
2534,38.21283016852391
2535,38.01474494915177
2536,38.49632491221757
2537,38.93090300820546
2538,38.74679672851531
2539,38.93821160845917
2540,39.17314839062091
2541,38.75077548953987
2542,38.839405054928015
2543,38.47499892052035
2544,38.88651914868052
2545,39.06389105593483
2546,39.07033873724036
2547,38.55040410215595
2548,38.59514466211307
2549,38.30024172282821
2550,38.571583780436356
2551,38.525585108365505
2552,38.213892336119436
2553,38.56921047920303
2554,38.848507258542256
2555,38.618702586063485
2556,39.070080146024246
2557,38.9536708731891
2558,38.83343092844903
2559,38.881536894718025
2560,38.15031715659023
2561,37.98220163925142
2562,37.921296958798976
2563,38.50606299938455
2564,39.08787070894192
2565,38.9868147179889
2566,39.61975597907423
2567,39.6026095857149
2568,39.75361663526608
2569,40.10642716243311
2570,40.2237283154877
2571,41.20703112373379
2572,41.307429022929384
2573,40.81568610273307
2574,41.352016237971014
2575,41.18197026452233
2576,41.05684879594563
2577,39.84675348303714
2578,40.24761681246192
2579,40.57837478535352
2580,40.90390268562851
2581,41.30607310271544
2582,42.010498010421166
2583,41.991176848930195
2584,42.38674460718202
2585,42.07262484805797
2586,41.92403441569989
2587,42.36942009083322
2588,42.535461491029544
2589,41.972051828105904
2590,42.12398350415077
2591,42.04700434228481
2592,41.704184879673164
2593,41.88569460538092
2594,41.71660679973119
2595,41.06656953622447
2596,40.612781992136135
2597,41.33768465130387
2598,40.71616776926069
2599,40.80698541582852
2600,41.056691743479654
2601,41.319962121232585
2602,40.81668773693164
2603,40.68565727575405
2604,40.74300206627379
2605,41.07033928646962
2606,40.80630406197981
2607,40.334284357057584
2608,40.74069932619863
2609,41.19344380320997
2610,41.34617186162636
2611,41.095226314725174
2612,41.26272636963284
2613,41.30785560706388
2614,41.65531523032836
2615,41.138229502547865
2616,41.18608493897145
2617,41.12062484262879
2618,40.666838418997735
2619,40.754630371019424
2620,40.76886349076953
2621,40.601907718978914
2622,40.763021764944945
2623,40.188760663457415
2624,40.167208472591746
2625,40.34086983044356
2626,40.45560796615399
2627,40.89343559118751
2628,40.40519740909838
2629,39.80050581727117
2630,39.89576981522858
2631,40.077770295576585
2632,40.9364171526645
2633,41.18961603384439
2634,40.83120851524494
2635,41.161650136841004
2636,40.8150423892409
2637,40.2130809723293
2638,41.2760879823656
2639,41.410795288757136
2640,41.70792292361207
2641,41.94363157316807
2642,42.71061051562662
2643,42.83212667926121
2644,43.35688112129854
2645,42.91376282193352
2646,42.320473509679644
2647,42.92852598707258
2648,43.56635349333993
2649,43.78942727021461
2650,43.88853247707474
2651,43.96152557771541
2652,43.66003786619487
2653,44.337002417161095
2654,44.63009492479071
2655,44.85645310128656
2656,45.025487246279695
2657,45.499795930372684
2658,45.7301534805991
2659,46.07228110411018
2660,45.53686341347907
2661,45.76970973513178
2662,46.78181354535884
2663,46.539866896464446
2664,46.479948716827025
2665,46.89637809232305
2666,47.34747433870179
2667,47.64404978090634
2668,46.879559375515164
2669,47.115359362862975
2670,46.560954509037835
2671,46.178544462926304
2672,46.43232250916833
2673,46.295167466930295
2674,46.67150515273508
2675,48.16416100859396
2676,48.53994161388151
2677,48.892085075449494
2678,48.45610076504484
2679,48.145544800649986
2680,47.636152896908044
2681,47.38311915161986
2682,46.86862657603805
2683,46.560456526512
2684,46.46337603645183
2685,46.000793735734696
2686,45.352607876579356
2687,44.7393328934332
2688,44.9428757835657
2689,44.96973561605081
2690,45.43347303631498
2691,45.910484759534484
2692,45.754361837869986
2693,46.061965387441276
2694,45.40318960398252
2695,46.451678189123314
2696,47.01029576434758
2697,46.90931653772372
2698,46.36682885671656
2699,46.54338060878619
2700,45.681073190329805
2701,45.32646301165609
2702,45.667122093446196
2703,45.701590481829506
2704,45.47776170092408
2705,45.91219869091293
2706,45.43780684232105
2707,45.567352879901286
2708,45.34104348490098
2709,44.95846011605585
2710,45.16727916961879
2711,44.721041510630954
2712,45.57977934042813
2713,45.31404434823842
2714,46.2247428398858
2715,45.72181362090477
2716,45.99970669724589
2717,45.451201840333276
2718,44.8457171112198
2719,44.917395339331094
2720,45.222770497651084
2721,44.65016945614204
2722,45.18203595416436
2723,44.82309782679296
2724,44.881954509747416
2725,45.052730765615635
2726,45.321449320560184
2727,44.513935318095896
2728,45.240283578577696
2729,45.49515562735053
2730,45.301942653439326
2731,44.84034879017148
2732,44.08711934436951
2733,43.490974302605004
2734,43.7286202806014
2735,43.579727699559015
2736,43.08939545509045
2737,42.8629395257246
2738,43.538634678995344
2739,43.39490111851332
2740,43.14202007952153
2741,43.72865144260948
2742,43.931097631930996
2743,43.95055499381164
2744,43.6842416005836
2745,43.01131949609533
2746,42.16311585938814
2747,41.96102415258052
2748,41.868968085783315
2749,42.01838904628879
2750,42.25087248703767
2751,42.345163849727264
2752,42.438599124189146
2753,42.01316652729069
2754,41.117569358537445
2755,40.90395469639183
2756,40.5155259721217
2757,40.251971678287454
2758,40.14160986067154
2759,39.64549720028298
2760,39.20766540554766
2761,39.16835314832224
2762,39.21372481391497
2763,38.95732536190138
2764,39.15192833349891
2765,39.066101791434875
2766,38.669686488576005
2767,38.68544011822889
2768,39.42055736472828
2769,39.15539353142681
2770,39.614672853682166
2771,40.164251553908
2772,40.77050695144733
2773,40.43649306913995
2774,41.25970716660536
2775,41.30774055025086
2776,41.20303900377469
2777,41.10823789062353
2778,41.35627950075113
2779,41.37742935229235
2780,41.30429875507402
2781,41.83789341039253
2782,41.536594882705366
2783,41.10556047799574
2784,41.432867000939396
2785,41.72541554300393
2786,42.18438816692634
2787,41.73450340000232
2788,42.18826580728021
2789,42.39211314413797
2790,43.14592989605996
2791,42.61069218045861
2792,42.70378745235275
2793,42.58542000223663
2794,41.913764528044005
2795,41.615196565480275
2796,42.08687961964133
2797,41.88997077707619
2798,41.58836588391126
2799,41.951033363169415
2800,42.36793527200607
2801,42.788084833382904
2802,42.451520823187266
2803,41.71622599085126
2804,42.1484013887268
2805,41.87279850379601
2806,41.560205214586134
2807,41.905849516349065
2808,42.56570621815548
2809,40.34828579837112
2810,39.31370659338684
2811,38.747648181867696
2812,38.35732591698609
2813,38.30455315327584
2814,38.54117932263275
2815,38.48475737682355
2816,38.21617500522025
2817,38.27483200235305
2818,37.90844212993952
2819,37.890659531489064
2820,37.648343153810224
2821,38.67109333194721
2822,38.98824724452449
2823,38.66404520667709
2824,38.28050511108076
2825,38.11313523477442
2826,37.4913495742431
2827,37.21847522155432
2828,36.944730018774116
2829,37.272741531574546
2830,37.11407457584536
2831,36.82182752050551
2832,36.331536931917
2833,35.90655123879765
2834,35.882732973009695
2835,35.805621745467896
2836,36.21405957038045
2837,35.986941021553655
2838,36.37013482790809
2839,37.22079529757598
2840,37.21906989791805
2841,36.479053493801736
2842,36.01147498055002
2843,36.2794667036714
2844,36.79014919066444
2845,36.86618046991942
2846,37.14836968355728
2847,36.99721590809531
2848,36.86008118681524
2849,36.61652087445529
2850,36.975166671652495
2851,37.10213407226124
2852,37.01535390444034
2853,36.8939980856254
2854,37.099887608012075
2855,37.21995698879696
2856,36.91155611870856
2857,37.55041893006984
2858,37.64705850905094
2859,37.65100379027962
2860,38.21134540801565
2861,38.60464637757758
2862,38.570702014977066
2863,38.777990283011746
2864,38.365286051823134
2865,38.12021094312841
2866,37.268232865101766
2867,37.72582858385974
2868,37.01639244669448
2869,37.26943694696533
2870,36.96113063457609
2871,36.60105709582271
2872,36.52974329833421
2873,36.62719273465905
2874,36.85207772016575
2875,37.510778452415664
2876,37.645538867599434
2877,37.97873551111518
2878,37.75211577654432
2879,38.02252450727364
2880,38.0808458392286
2881,37.90486923909972
2882,37.868505858415055
2883,37.8450138081179
2884,37.91741207710493
2885,38.06991508651868
2886,37.87667306654669
2887,37.59712940172973
2888,37.87921018426134
2889,37.241990721988145
2890,37.01246845040707
2891,37.59161487884576
2892,36.58758737279483
2893,36.334893021906346
2894,36.58563634327413
2895,35.98681069335783
2896,36.9340512233312
2897,35.9903154544301
2898,36.511069245824935
2899,37.08412184096684
2900,37.425504815488985
2901,37.342667108617654
2902,37.47628546157257
2903,37.14153355774808
2904,37.44334883291706
2905,37.026373047894715
2906,36.92510619862344
2907,37.29481083523466
2908,36.88154049211459
2909,36.74743703365319
2910,36.807849751823916
2911,36.31726498069388
2912,36.742604689628024
2913,36.8680275495604
2914,36.31347242631751
2915,36.2964203040704
2916,36.016089547261174
2917,35.780039813650674
2918,35.80750967199686
2919,35.554286640037986
2920,35.89887097269431
2921,35.64679569700439
2922,35.998467173965466
2923,35.98271788674089
2924,36.2919680655416
2925,36.09603786185418
2926,35.91411038923087
2927,35.502588611217824
2928,35.708380198025395
2929,36.044826817089785
2930,36.816835936978556
2931,37.29504641798718
2932,37.38831867784912
2933,37.309523493605425
2934,37.454829140689014
2935,37.444441469337356
2936,37.99646156027067
2937,38.35682500820758
2938,38.03720908051542
2939,37.7765508264695
2940,38.29661000534486
2941,38.414776182857665
2942,38.32584950190784
2943,38.78323058832782
2944,38.63320001078386
2945,38.52526483673323
2946,38.34800632618418
2947,37.60307447919363
2948,37.92947009574921
2949,37.473632054442554
2950,37.26112706018236
2951,36.984980374934544
2952,37.2548374356058
2953,37.229295790912644
2954,37.23503570648558
2955,36.61491020766838
2956,36.582909203374584
2957,36.0467907901808
2958,36.15769570959438
2959,36.29053772591185
2960,36.28422463505184
2961,37.03318863093542
2962,37.22914006662572
2963,37.451622426955296
2964,37.50495828005559
2965,37.43273407522531
2966,37.79605555858277
2967,38.214661172046256
2968,37.72064806967257
2969,38.120512943954516
2970,38.316889064795554
2971,38.6867733403012
2972,38.86754389818125
2973,38.3869231275812
2974,37.939306805647085
2975,38.63789763477234
2976,38.73555211049594
2977,38.19044229369005
2978,38.32362713931856
2979,38.185099212357066
2980,37.48763806319991
2981,36.638857049818355
2982,36.05633867321287
2983,36.154470409833415
2984,36.137094330828155
2985,36.04716751606223
2986,36.149932131846406
2987,36.36789483687876
2988,35.61123938424925
2989,35.504157036674194
2990,35.21142637119772
2991,34.77986728126174
2992,34.590071159979466
2993,34.54759571449608
2994,34.45569840426504
2995,33.95811052045133
2996,33.79443778469315
2997,34.48258987239909
2998,34.120862708469595
2999,33.550040717651
3000,33.642511577004605
3001,33.843832245787645
3002,34.001247508891765
3003,33.622653127536076
3004,33.95991944126516
3005,33.69426575997721
3006,33.31403910375014
3007,33.11194613242569
3008,33.075972834315436
3009,33.313010847876605
3010,33.5214775764723
3011,33.78382119976833
3012,34.100467051528646
3013,34.128266702025805
3014,34.435424465532385
3015,33.95537381195947
3016,33.42504227028989
3017,33.685335425841615
3018,33.22032102095897
3019,33.12030623228951
3020,33.08783023292887
3021,32.92677115128698
3022,32.77778977279245
3023,33.23745525689675
3024,32.407225115172096
3025,32.694933650596816
3026,33.454016533147026
3027,33.46190744642009
3028,33.45555872026657
3029,33.699454851097535
3030,34.32143911884349
3031,33.91609622576084
3032,33.94585006807559
3033,33.88269610554669
3034,34.072760660812875
3035,34.12704315668428
3036,34.35290740141988
3037,34.208369240812864
3038,34.22513618687268
3039,33.996477847384504
3040,33.771390916735236
3041,33.723624755887016
3042,33.67576785719274
3043,33.28323066824493
3044,33.809920671106134
3045,33.764279681161995
3046,33.300300530019776
3047,33.66914259172133
3048,33.41814244858349
3049,33.58843304009258
3050,33.58271779059362
3051,33.66698708301463
3052,33.72461399304662
3053,33.531197647832464
3054,36.21599574275196
3055,38.06731200102177
3056,37.224974840862274
3057,37.24953545607587
3058,37.41191694260127
3059,37.020306015349725
3060,36.51645908837905
3061,37.31339031847744
3062,37.17502685194809
3063,37.95598376100178
3064,38.15988371890489
3065,38.188950123331416
3066,38.371151533293535
3067,38.615585698781594
3068,39.073813915204134
3069,39.244475402466286
3070,39.301268138854354
3071,39.37061247332389
3072,39.90648312007005
3073,40.233841801193094
3074,39.83270313888853
3075,39.58031797315422
3076,39.71144614231583
3077,39.46484394196801
3078,39.31654326886363
3079,38.94249936066756
3080,38.43443014089431
3081,38.59759437068279
3082,38.983620420422184
3083,38.98721914436183
3084,39.80459581921739
3085,39.77419139721932
3086,41.06484801731188
3087,41.47824185302402
3088,41.68478613584822
3089,41.47728321390151
3090,40.32214995847064
3091,40.259646051180184
3092,40.33146007954944
3093,41.11431442000082
3094,40.55093539869411
3095,41.33120202573136
3096,41.2274900327256
3097,41.527083815970194
3098,40.48564117208178
3099,40.54196765985228
3100,40.40285115269846
3101,40.67951503564939
3102,40.716641972301346
3103,40.254206443962374
3104,40.637219483207105
3105,40.92047995394527
3106,41.16541047083082
3107,41.58283681938339
3108,42.04317977700355
3109,42.0340104578602
3110,41.46718902704128
3111,40.89684276057969
3112,41.45259056957272
3113,41.7481380493811
3114,41.790755139516705
3115,41.60950653376359
3116,41.622639358553116
3117,41.63296064267594
3118,41.492993830527844
3119,41.20395885097105
3120,42.105463595359716
3121,42.20180987955762
3122,41.946922210914835
3123,41.40428781286754
3124,41.104907124439265
3125,41.40181721451055
3126,41.716995475131725
3127,41.62600431395217
3128,41.64753497597234
3129,41.52068172463275
3130,41.06323907697129
3131,41.60124760440726
3132,41.756557732979566
3133,42.8035080468923
3134,42.48106129680017
3135,42.42267582124108
3136,37.880335964448875
3137,37.78760694160812
3138,37.26685180228681
3139,36.91491033990251
3140,36.95212087797438
3141,37.07922047277298
3142,37.04415814317944
3143,37.4177621542703
3144,37.7910828369441
3145,37.913261648370785
3146,37.923458617827286
3147,37.82767426806059
3148,38.03668959454169
3149,38.388098194500046
3150,38.411370281612164
3151,38.58461026540639
3152,38.45967798341377
3153,37.92061408826815
3154,37.542939381487706
3155,37.831534018251276
3156,38.001020638965535
3157,38.61014844531348
3158,38.63181420852405
3159,38.967340673661695
3160,39.486310648571724
3161,39.88094128017684
3162,39.63898398825471
3163,39.56589144202168
3164,39.6172705141378
3165,39.22861521155838
3166,39.41511394958223
3167,39.82079369572185
3168,39.62977308959146
3169,40.41925270793652
3170,40.301914907494414
3171,40.22020190639111
3172,40.12447976185246
3173,39.84129174066724
3174,40.00812013934742
3175,40.016132920003244
3176,40.686502940586884
3177,40.934347944838635
3178,41.155040419832375
3179,41.06396734764664
3180,40.48731450522917
3181,40.45109319478758
3182,40.10859897304374
3183,40.492192681522866
3184,40.47986756513124
3185,41.15980535178712
3186,41.46357309355297
3187,41.81146752283577
3188,41.908019970882634
3189,41.995561720402065
3190,42.27080539780925
3191,42.66262977884212
3192,42.360556311633744
3193,42.56960327188163
3194,43.70014117298819
3195,43.660964076217375
3196,43.54953379434438
3197,43.24900809263104
3198,42.62703415583467
3199,43.13684571448589
3200,43.1631522910607
3201,43.292674954555174
3202,44.09876571573238
3203,45.219286404234
3204,44.8192720675339
3205,45.294418460642504
3206,45.57786884959036
3207,45.76035889911495
3208,45.98052684407879
3209,45.97062469342592
3210,46.70799878737474
3211,46.99691278037953
3212,47.160289382309465
3213,47.753217836085675
3214,48.1844928508836
3215,48.4080042348812
3216,48.56779843262251
3217,49.4293939497439
3218,49.68327176840915
3219,49.64005458660389
3220,49.21776199240524
3221,49.05011518946003
3222,48.53928772002989
3223,48.59293277589612
3224,48.71935927871062
3225,47.73177553098976
3226,47.741855789716794
3227,48.05410616602989
3228,48.13552479142869
3229,47.67947390306054
3230,48.28955293268493
3231,47.955709530902354
3232,47.3714811599663
3233,46.86347793462706
3234,46.85785999097398
3235,47.32187266230699
3236,47.877821904455395
3237,47.97946172312541
3238,47.41122459293233
3239,47.10184498312448
3240,46.68180402560497
3241,46.599468784486305
3242,45.780828329173836
3243,45.83247535978586
3244,46.12976267391996
3245,46.06169465060541
3246,46.274710956178836
3247,45.8429369774013
3248,45.18135701957966
3249,44.89490812955265
3250,45.41783957999234
3251,45.88847593518372
3252,45.67971828500984
3253,46.23331624137965
3254,46.08372339936069
3255,45.709496181519214
3256,45.930971834158235
3257,45.72417204226705
3258,46.08956226571257
3259,45.73416824000945
3260,45.30843341120859
3261,44.65595316483241
3262,44.77157605857275
3263,44.74778224080574
3264,44.713289067922155
3265,44.530405731480826
3266,45.17532711441956
3267,44.98436648423333
3268,44.660118220875525
3269,45.22011530287864
3270,45.86741051561901
3271,46.02309989936847
3272,45.22921213089782
3273,44.958779293186986
3274,45.2351792340493
3275,45.243197205716626
3276,45.951802554068024
3277,45.327954139373134
3278,45.636495717184395
3279,45.351234984955106
3280,45.955237397999035
3281,45.9207301814526
3282,46.39645757939951
3283,46.096997613198724
3284,45.45181855662403
3285,44.94992090122631
3286,44.67803575794155
3287,44.22250729907379
3288,44.75658065884415
3289,45.35986087569328
3290,45.483883621626795
3291,45.015915555032436
3292,44.962661401635984
3293,44.6552840720698
3294,45.30934892439314
3295,45.45272725187263
3296,45.675734802578376
3297,45.493540942810476
3298,43.47917822150947
3299,43.14518476744237
3300,42.666091583097334
3301,42.824357649688814
3302,42.86572036529306
3303,42.5234706655879
3304,42.35854134761256
3305,43.027302368078196
3306,42.61649659816692
3307,42.22708671284254
3308,42.13077442047175
3309,41.837249882793536
3310,41.65825776610063
3311,46.47216377266588
3312,47.28417846716294
3313,46.45020168239732
3314,46.44172791761169
3315,46.460976671624586
3316,46.50936029936683
3317,46.42241755612993
3318,46.264677963624116
3319,46.7316050365872
3320,46.514743500673944
3321,46.45556050400422
3322,46.45550769988881
3323,46.50547216765421
3324,46.426079007902715
3325,46.892315250261746
3326,46.88824573799491
3327,46.96993090395164
3328,46.94576960973881
3329,46.47724570830928
3330,46.093096159558606
3331,45.611647414897675
3332,45.6996023006425
3333,45.37469911646888
3334,44.89564436663629
3335,45.00267091152895
3336,45.23957056409112
3337,44.44996021869837
3338,45.207400225640946
3339,45.22199604289329
3340,45.174462268184776
3341,45.65895183727113
3342,45.690838570637816
3343,45.41576172208618
3344,46.423461300302655
3345,45.92735940591782
3346,45.88254659312297
3347,46.27291236579079
3348,45.78059397444249
3349,45.73390878182096
3350,45.91104217217787
3351,47.027010665989295
3352,46.60902350588097
3353,46.58681417941219
3354,46.89469775865127
3355,46.93271913784886
3356,46.371571837422934
3357,46.56121438518904
3358,46.61131788417532
3359,46.819495971197675
3360,47.35225099412813
3361,47.83446102568301
3362,48.029910173828966
3363,48.17931633519489
3364,47.652976313231605
3365,47.589014266753644
3366,47.69397873038449
3367,47.50310158121538
3368,47.54949138883169
3369,47.15867094307475
3370,47.887818327205586
3371,48.92957157914971
3372,48.73933907317598
3373,48.93486230157744
3374,48.82041083086061
3375,49.44085420726078
3376,49.65638883066036
3377,49.694804710301966
3378,50.389510572294924
3379,50.453105622366664
3380,49.95090374253177
3381,50.2894806380144
3382,49.931695112865185
3383,50.19948624666634
3384,50.26460461912398
3385,50.81799759265109
3386,50.80936291154367
3387,51.331846895524876
3388,50.86056299452066
3389,51.17147646910002
3390,51.05693136312832
3391,51.15618942167167
3392,51.192906918156964
3393,51.67447247036954
3394,50.641316356276214
3395,50.80519378970468
3396,50.051556436244994
3397,50.65924652306033
3398,49.66966275106685
3399,49.17358167532967
3400,48.3573259628845
3401,49.15654938958606
3402,48.52698842671822
3403,48.5822992024433
3404,48.32269490358264
3405,47.46078067745997
3406,51.54170607295308
3407,51.88442553493224
3408,51.78890700828623
3409,52.278582556333205
3410,52.08971540302001
3411,52.0932880782183
3412,51.89321893342237
3413,52.07181421061296
3414,53.07005994211185
3415,53.26264984902275
3416,53.36631517009116
3417,53.037308414884045
3418,52.6381317048784
3419,53.41445955386212
3420,52.82365506362896
3421,52.34349576813927
3422,52.29251127172099
3423,52.07005734995755
3424,53.09867415480976
3425,51.856984932846785
3426,52.04471542530925
3427,52.41696852005807
3428,51.83291798676449
3429,51.499889319489725
3430,51.723165582111605
3431,52.57290585291249
3432,52.091185774466275
3433,51.27501173652224
3434,51.77607803762566
3435,52.571053850147344
3436,52.395218927583755
3437,51.248045339459644
3438,51.444213184906054
3439,51.34218210320538
3440,51.922470822549194
3441,51.8998988704367
3442,51.705304415334886
3443,51.47216876633932
3444,52.236197823925515
3445,52.99090061217405
3446,51.87005849375134
3447,51.38668880467794
3448,52.30803303180077
3449,52.116261448400536
3450,51.412034842267616
3451,51.414330819959986
3452,51.35864493429746
3453,51.30867416923531
3454,51.063205869957905
3455,53.093980467349255
3456,52.85247183926746
3457,53.02924471952313
3458,52.600001584115056
3459,52.447869106266346
3460,52.37235982574915
3461,53.06069128454971
3462,53.25919620270866
3463,53.20080275001803
3464,53.48682517832641
3465,53.70448663878101
3466,54.29189197125955
3467,54.56758519926481
3468,55.5553119258059
3469,56.307362892012435
3470,56.2842808120803
3471,56.05145990716267
3472,56.54833466468558
3473,56.841235733400495
3474,56.78750697391246
3475,55.95494641232538
3476,54.93897919608093
3477,55.130642436894206
3478,55.55725487206588
3479,56.0054195166892
3480,55.28915324852724
3481,55.86567697208115
3482,55.56806194550039
3483,55.78431998181447
3484,56.01725340129147
3485,55.56952143807137
3486,55.241894562762305
3487,54.1084895838493
3488,53.61472186365931
3489,52.65695198733293
3490,52.88775527147184
3491,52.920247276506196
3492,53.406183362831584
3493,53.5969388203914
3494,53.25780559015298
3495,53.44250421052066
3496,53.234258039867974
3497,53.55947689827229
3498,53.72865564081547
3499,53.20012529424252
3500,53.20129522024241
3501,53.23074179605132
3502,53.06719672566952
3503,53.544229875753466
3504,54.46937123532638
3505,54.269436832415806
3506,54.07944807923495
3507,52.87727139497627
3508,52.80914625304383
3509,52.579303524494556
3510,51.455161694235144
3511,51.60382091131457
3512,51.90970933718738
3513,51.53003198729673
3514,51.33838201229723
3515,50.84459489038872
3516,51.23378834092236
3517,50.46221321376741
3518,50.30438197462844
3519,51.29549398560407
3520,51.32196309803953
3521,51.56267766107906
3522,51.48711428827274
3523,50.88597318780677
3524,50.869350800873825
3525,51.07654212496482
3526,50.55687383805419
3527,50.729878490383776
3528,51.36536725980262
3529,51.917766359216486
3530,51.102509104545
3531,50.60653924143364
3532,49.79646555604246
3533,50.332729974031444
3534,50.64086476012347
3535,50.99819601881085
3536,50.55221471459682
3537,49.9658662483662
3538,50.004308643547915
3539,50.05483032705105
3540,49.62905641492777
3541,49.69966714910824
3542,50.02104997767965
3543,50.13523599584213
3544,49.61683933354714
3545,48.57959842073512
3546,48.45399822906456
3547,48.53370023386302
3548,48.40763594936483
3549,48.200725242194025
3550,47.86859322159228
3551,48.21238776529581
3552,48.18714329377856
3553,48.246556366049774
3554,47.78009921482551
3555,47.48457880801392
3556,47.56242128314748
3557,47.086616139266994
3558,46.49737281918072
3559,46.34457785181602
3560,46.90451831699003
3561,46.99416889624794
3562,47.6851258898706
3563,47.622450372119786
3564,47.475018335480435
3565,46.81863320378458
3566,46.5496285268066
3567,47.22251827742337
3568,47.377449364802374
3569,47.72605975056451
3570,47.06139693949014
3571,47.05690493649073
3572,46.96062820200034
3573,47.016630923072995
3574,47.33331631793631
3575,47.5505364904923
3576,47.78504831006079
3577,47.8587629775899
3578,47.49169702429744
3579,47.36762327600446
3580,46.923771933942696
3581,47.397571345835644
3582,46.41165211076902
3583,46.31064793405636
3584,47.42948240359247
3585,47.26777064214555
3586,46.73441519114346
3587,46.72602482235582
3588,47.33239997048338
3589,47.25651583148411
3590,47.54725381209175
3591,45.026480284995586
3592,44.858901291912254
3593,46.2945811050795
3594,46.32753171562257
3595,46.079346962151966
3596,45.85411808615618
3597,46.0289596562607
3598,46.217704092630505
3599,46.57589097870505
3600,46.64167648488339
3601,45.97870271917075
3602,46.223925152710514
3603,46.08133056610473
3604,45.949680219663705
3605,45.273314950899014
3606,45.01440445626739
3607,44.688408728682234
3608,44.672116588011086
3609,44.02753909006829
3610,44.04984745892124
3611,44.104651336609386
3612,43.61353643487764
3613,43.341950824467396
3614,42.97185951430752
3615,43.36365363949683
3616,42.28104925440924
3617,42.136136798548044
3618,41.44223215517059
3619,41.26372337242171
3620,41.614603595485164
3621,41.353002919941986
3622,41.41027038207226
3623,41.06192030751714
3624,41.86608219244018
3625,42.25015270802382
3626,42.72908697206413
3627,42.16531938727922
3628,41.70359261754163
3629,42.156330141614646
3630,42.07447122923911
3631,41.96609171739895
3632,42.10640156353576
3633,41.58119472119196
3634,41.90380706973106
3635,41.91148621124105
3636,42.11282494142941
3637,41.83135527642147
3638,42.04659815622955
3639,41.751261519701686
3640,42.151634962865934
3641,42.63049894205671
3642,43.02101816915388
3643,43.24378084567757
3644,43.518737396970046
3645,42.3569415246057
3646,42.71205326264852
3647,42.59516544425636
3648,42.635626626048726
3649,42.51483815766436
3650,41.92749336536942
3651,41.70226501821199
3652,41.97779519017095
3653,42.57701222290469
3654,42.31261488622286
3655,41.931844533852555
3656,42.54503550676693
3657,42.17119820033079
3658,43.054805064162174
3659,43.07661726190711
3660,42.69775046875821
3661,43.120115824201505
3662,43.85650705677448
3663,43.231769298169255
3664,43.91101704239772
3665,43.78762286139363
3666,44.44331202476571
3667,44.274542287889766
3668,43.58172513007228
3669,43.80104104330642
3670,44.20877797987852
3671,45.14515633834268
3672,45.930021759011325
3673,46.250459205424264
3674,46.1406490533254
3675,45.90104131369589
3676,45.76589092004089
3677,45.38718296570518
3678,45.26274243840378
3679,44.12554900050272
3680,44.204546145865194
3681,44.19175736681623
3682,45.3403348638297
3683,45.685658970943614
3684,45.46679313144664
3685,45.72428614016452
3686,45.16723438387706
3687,44.89583379373159
3688,44.06514269157971
3689,44.70259930736587
3690,44.96862613807685
3691,44.443077227286985
3692,44.41620281376294
3693,44.840063443371136
3694,45.06262094145277
3695,45.23521467644324
3696,44.84882758795548
3697,44.56393931245012
3698,44.606363127873585
3699,45.01875024082636
3700,44.64714690301736
3701,44.14927059262965
3702,44.65725164507911
3703,44.24372624706569
3704,44.72287871271192
3705,44.83171205261955
3706,45.22844579146399
3707,46.024323224712084
3708,46.34236983756934
3709,46.70340045244162
3710,46.276701430797225
3711,45.956108079380655
3712,46.25299571248915
3713,46.96810913095446
3714,47.626525431984554
3715,48.74275238852859
3716,48.894524909170904
3717,48.993775662409774
3718,49.48924044941142
3719,49.49860158422658
3720,49.46769027409739
3721,48.95228683722839
3722,49.43992455389658
3723,48.91276030736104
3724,49.16396371630462
3725,48.47116901608348
3726,49.00549986917896
3727,48.503912064169654
3728,48.91476421496018
3729,48.14348982174177
3730,47.93221198775726
3731,48.50035980232692
3732,48.11133288739978
3733,48.1436702410125
3734,47.91388611740288
3735,46.820027878589464
3736,46.96448361546327
3737,47.167930980148476
3738,46.648301204452366
3739,46.91668522118556
3740,46.54485274214429
3741,46.08015840897471
3742,46.08331664393364
3743,45.77036549646587
3744,46.831739906852874
3745,46.10917526782454
3746,46.450924119498694
3747,46.91255951333363
3748,45.99316147322378
3749,49.89701495900484
3750,50.178421788590434
3751,49.93738755264815
3752,50.129296631510826
3753,50.70376007071269
3754,50.51541761148223
3755,49.980800016703284
3756,48.63505278753822
3757,48.73466182522074
3758,48.284198905304095
3759,48.435751830744564
3760,48.54806989565918
3761,47.880568832745304
3762,48.71312591994147
3763,49.243683363034854
3764,49.663180155897486
3765,49.07840333614972
3766,48.87884985497278
3767,48.61224672471302
3768,48.41103988599089
3769,47.86989486617938
3770,48.0784127619905
3771,48.188751021018895
3772,48.3651413577025
3773,48.121056027445775
3774,48.746335197167866
3775,48.83793824278398
3776,47.51898107760139
3777,47.2157769761084
3778,47.18887073839506
3779,47.64660286946742
3780,47.503535734378275
3781,47.384884672884446
3782,47.07184852491525
3783,47.38618164785066
3784,47.17456110900892
3785,46.89074331708049
3786,46.544029059698566
3787,46.80380676963054
3788,46.55501791951654
3789,45.781304990824
3790,44.693814077862804
3791,44.38145680952648
3792,44.540182981211665
3793,44.706979108270524
3794,45.2483267409686
3795,45.72343629014448
3796,45.4612674934422
3797,45.38568984435926
3798,44.80379263871274
3799,45.56163932131197
3800,45.7632968796379
3801,46.40589872721118
3802,46.25810154052966
3803,45.31985210443461
3804,46.01936560759308
3805,47.66183136461953
3806,47.72535211477662
3807,47.751829447470044
3808,48.06066756549996
3809,48.3175792132188
3810,47.55514988700371
3811,48.074842836937904
3812,47.82122052065117
3813,47.59839320490243
3814,48.427764304087006
3815,48.87562852052207
3816,48.71061738513453
3817,47.81469892134133
3818,47.89204779108203
3819,48.15071713802196
3820,48.111954323971645
3821,47.51618007909762
3822,47.14195678057173
3823,46.55391929540757
3824,46.65430289603544
3825,47.03816673821019
3826,47.522976991030745
3827,47.17627138611895
3828,47.28727794719466
3829,47.550009656990184
3830,47.3075783130452
3831,47.23737520691016
3832,48.25136370332791
3833,48.35043993393738
3834,48.779244757502624
3835,48.56759637033385
3836,48.58788119084691
3837,47.76202427523593
3838,47.75005192366148
3839,48.322772698850756
3840,49.347737546724765
3841,49.941800129892904
3842,50.28600911174337
3843,50.31264981625547
3844,50.011693176439756
3845,49.93160287214779
3846,50.23854127817958
3847,49.845641353386654
3848,50.312940352180014
3849,49.82023103582874
3850,48.94164686599455
3851,48.448807155728296
3852,47.64863158299292
3853,46.99919876410807
3854,47.53431579934861
3855,47.4392701203603
3856,47.54307641281947
3857,48.09687987450501
3858,48.7062970377513
3859,48.46114620604302
3860,49.10927976307813
3861,49.298516619481006
3862,49.300156600155404
3863,49.518594560410854
3864,48.817652574287486
3865,48.43540085471808
3866,48.38304993952959
3867,48.67894622171185
3868,48.49818188533624
3869,48.43647389374192
3870,48.90831723874908
3871,49.6036532342819
3872,49.985642560804806
3873,50.62370961997441
3874,50.41942097820089
3875,50.2651546692064
3876,50.42543060585935
3877,50.27384192818403
3878,50.0195337643367
3879,50.85279302634509
3880,50.75058974830999
3881,50.26269225444583
3882,50.50826936833863
3883,51.44406090666844
3884,51.48564921323964
3885,52.12354897460838
3886,51.89582612823933
3887,51.641479948142745
3888,51.28647201482036
3889,51.2129745649971
3890,49.74578635589975
3891,51.89706820919404
3892,52.75374091452238
3893,52.22442053421334
3894,52.10245650640467
3895,52.5397492602762
3896,52.87193504945862
3897,53.02126032484274
3898,52.15391814792202
3899,52.343180015640435
3900,51.81076805255736
3901,53.15898266267078
3902,53.045647213133684
3903,53.14584940872452
3904,52.53990603484259
3905,52.28890435066743
3906,51.61817158767372
3907,52.1273154579278
3908,51.99093497965372
3909,52.28429212405249
3910,51.92758292186348
3911,51.66800272620653
3912,52.33788532360024
3913,51.831784466321096
3914,50.90642383646134
3915,51.11364680054912
3916,50.533586283513046
3917,50.31199541903323
3918,50.772727998701036
3919,50.35880077070461
3920,50.80312642566882
3921,50.458218737042
3922,51.216022892519405
3923,51.8992043805057
3924,51.65512964342756
3925,51.54510370657095
3926,51.11806049946591
3927,51.22039994031198
3928,51.812404719768104
3929,51.068201606949884
3930,51.53888185120491
3931,50.8610367191084
3932,50.42564815019603
3933,49.53219686745254
3934,50.58587339848037
3935,50.6155768857727
3936,50.73961158632848
3937,50.39771030448003
3938,50.9383159869562
3939,49.8781805068084
3940,49.89148251187728
3941,51.004687716052764
3942,50.810194031969544
3943,50.818907479430955
3944,51.16167976574153
3945,50.74820779952671
3946,50.75980263454716
3947,51.24995328706555
3948,51.3496757512132
3949,51.54053020708589
3950,51.3607441594528
3951,51.52309526805917
3952,51.5518354745447
3953,52.30743201364283
3954,52.68771990843215
3955,52.559485818748264
3956,51.289059621279975
3957,51.657463585977005
3958,52.04909173467945
3959,51.57403072446836
3960,50.553621308302475
3961,49.9796793833314
3962,50.444735882425185
3963,49.91045915866012
3964,49.68163420423542
3965,49.79125032393082
3966,50.404625774459156
3967,50.39547454266409
3968,50.344909257801326
3969,50.069348417839265
3970,50.892498766285755
3971,51.43788917697593
3972,51.388982969815636
3973,50.67628347046457
3974,50.27737246838484
3975,50.56956639792157
3976,50.20603125738463
3977,50.6560106316835
3978,50.83944242057523
3979,50.98844267589718
3980,51.322714943939886
3981,51.57924274059721
3982,51.14002934524924
3983,50.97367094222758
3984,52.18042394019313
3985,51.55395032822133
3986,51.309883217584904
3987,51.859615602006336
3988,51.777089435268145
3989,51.358299116766084
3990,50.68321567951416
3991,50.95562130127708
3992,51.47797302926224
3993,52.20367755511683
3994,52.23176468867234
3995,52.78044208289037
3996,52.23805731902088
3997,52.325902196903854
3998,51.97265113587976
3999,52.063078362973044
